,CENTRAL ELECTRICITY AUTHORITY
,OPERATION MONITORING DIVISION
,DAILY COAL REPORT
,Figures in 000 tonnes
COAL STOCKS POSITION AT VARIOUS THERMAL POWER STATIONS IN THE COUNTRY ( AS ON 01-Feb-2011 )
,Page 1 of2

,REGION/,MODE OF,NAME OF,CAPACITY,NORMA,COAL,ACTUAL STOCK,CRITICAL,REASONS FOR
,STATE,TRANSPORT,THERMAL,(MW),TIVE,REQUIRE,CRITICAL COAL
,POWER,STOCK,MENT,IN,000,IN,COAL STOCK,STOCK
,STATION,Reqd.,IN '000,TONNES,DAYS
,(DAYS),TONNES,<7,<4

NORTHERN
DELHI
1,RAIL,RAJGHAT TPS,135.0,20,2.7,10,4,*,Less Receipt
2,RAIL,BADARPUR TPS,705.0,30,13.6,148,11
HARYANA
3,RAIL,PANIPAT TPS,1360.0,25,19.5,68,3,*,**,No import
4,RAIL,YAMUNA NAGAR TPS,600.0,25,8.9,63,7
5,RAIL,RAJIV GANDHI TPS,1200.0,25,13.3,25,2,*,**,No import
PUNJAB
6,RAIL,GH TPS (LEH.MOH.),920.0,30,11.3,271,24
7,RAIL,ROPAR TPS,1260.0,25,17.9,624,35
8,RAIL,GND TPS(BHATINDA),440.0,30,5.3,153,29
RAJASTHAN
9,RAIL,KOTA TPS,1240.0,30,23.2,31,1,*,**,No import
10,RAIL,SURATGARH TPS,1500.0,30,26.4,21,1,*,**,No import
11,RAIL,CHHABRA TPP,500.0,30,7.1,66,9
UTTAR PRADESH
12,PITHEAD,ANPARA TPS,1630.0,15,26.8,213,8
13,RAIL,HARDUAGANJ TPS,220.0,25,2.9,71,25
14,RAIL,OBRA TPS,1372.0,20,18.6,96,5,*,Less Receipt
15,RAIL,PANKI TPS,210.0,30,3.6,45,13
16,RAIL,PARICHHA TPS,640.0,30,12.9,132,10
17,RAIL,DADRI (NCTPP),1820.0,30,22.1,419,19
18,PITHEAD,RIHAND STPS,2000.0,15,37.1,563,15
19,PITHEAD,SINGRAULI STPS,2000.0,15,37.5,171,5,*,Higher Generation
20,RAIL,TANDA TPS,440.0,25,8.2,231,28
21,RAIL,UNCHAHAR TPS,1050.0,25,18.2,426,23
22,RAIL,ROSA TPP Ph-I,600.0,25,9.6,34,3,*,**,No import
TOTAL OF N.R.,21842.0,24,346.7,3882,11,8,5
WESTERN
CHHATTISGARH
23,RAIL,DSPM TPS,500.0,15,9.7,138,14
24,PITHEAD,KORBA-II,440.0,15,12.3,42,3,*,**,Less Receipt
25,PITHEAD,KORBA-WEST TPS,840.0,15,15.0,386,26
26,PITHEAD,KORBA STPS,2600.0,15,39.3,545,14
27,RAIL,SIPAT STPS,1000.0,20,19.6,582,30
28,RAIL,PATHADI TPP,600.0,15,10.4,500,48
29,RAIL,BHILAI TPS,500.0,25,9.6,315,33
GUJARAT
30,RAIL,GANDHI NAGAR TPS,870.0,30,13.4,110,8
31,RAIL,UKAI TPS,850.0,30,13.6,69,5,*,Higher Generation
32,RAIL,SIKKA REP. TPS,240.0,30,4.3,58,14
33,RAIL,WANAKBORI TPS,1470.0,30,26.8,134,5,*,Less Receipt
34,RAIL,SABARMATI (C,400.0,30,6.4,74,12
,STATION)
MADHYA PRADESH
35,PITHEAD,AMARKANTAK EXT TPS,450.0,15,5.5,120,22
36,RAIL,SANJAY GANDHI TPS,1340.0,20,22.9,16,1,*,**,Less import
37,RAIL,SATPURA TPS,1142.5,20,22.5,136,6,*,Less Receipt
38,PITHEAD,VINDHYACHAL STPS,3260.0,15,59.6,416,7
MAHARASHTRA
39,RAIL,BHUSAWAL TPS,470.0,20,9.4,152,16
40,RAIL,CHANDRAPUR(MAHAR,2340.0,20,42.9,399,9
,ASHTRA) STPS
41,RAIL,KHAPARKHEDA TPS- II,840.0,25,18.0,121,7
,Page 2 of2

 REGION/,MODE OF,NAME OF,CAPACITY,NORMA,COAL,ACTUAL STOCK,CRITICAL,REASONS FOR
,STATE,TRANSPORT,THERMAL,(MW),TIVE,REQUIRE,CRITICAL COAL
,POWER,STOCK,MENT,IN,000,IN,COAL STOCK,STOCK
,STATION,Reqd.,IN '000,TONNES,DAYS
,(DAYS),TONNES,<7,<4

42,RAIL,KORADI TPS,1040.0,25,17.0,176,10
43,RAIL,NASIK TPS,880.0,25,15.0,236,16
44,RAIL,PARLI TPS,1170.0,25,17.5,164,9
45,RAIL,PARAS TPS,555.0,25,8.3,161,19
46,RAIL,DAHANU TPS,500.0,25,8.2,41,5,*,Less Receipt - SECL
TOTAL OF W.R.,24297.5,21,427.2,5090,12,6,2
SOUTHERN
ANDHRA PRADESH
47,RAIL,Dr. N.TATA RAO TPS,1760.0,20,27.3,403,15
48,RAIL,KOTHAGUDEM TPS,1220.0,20,23.4,387,17
49,ROAD,RAMAGUNDEM - B TPS,62.5,20,1.1,18,17
50,RAIL,RAYALASEEMA TPS,1050.0,25,15.0,229,15
51,PITHEAD,RAMAGUNDEM STPS,2600.0,15,42.9,469,11
52,RAIL,SIMHADRI,1000.0,25,19.6,30,2,*,**,Less Receipt
53,PITHEAD,KAKATIYA TPS,500.0,15,7.5,142,19
KARNATAKA
54,RAIL,RAICHUR TPS,1720.0,30,27.6,300,11
55,RAIL,BELLARY TPS,500.0,20,10.5,141,13
TAMIL NADU
56,INTER MODAL,ENNORE TPS,450.0,30,6.6,6,1,*,**,Higher Generation
57,INTER MODAL,METTUR TPS,840.0,30,13.4,27,2,*,**,Higher Generation
58,INTER MODAL,NORTH CHENNAI TPS,630.0,30,10.0,32,3,*,**,Less Receipt
59,INTER MODAL,TUTICORIN TPS,1050.0,30,18.6,13,1,*,**,Less Receipt
TOTAL OF S.R.,13382.5,23,223.5,2197,10,5,5
EASTERN
BIHAR
60,RAIL,BARAUNI TPS,310.0,20,1.1,11,10
61,RAIL,MUZAFFARPUR TPS,220.0,20,2.1,17,8
62,PITHEAD,KAHALGAON TPS,2340.0,15,43.6,18,0,*,**,Coal Transportation
JHARKHAND
63,RAIL,PATRATU TPS,770.0,20,7.1,78,11
64,ROAD,TENUGHAT TPS,420.0,20,6.4,36,6,*,Less Receipt
65,RAIL,BOKARO `B` TPS,630.0,20,10.0,282,28
66,RAIL,CHANDRAPURA(DVC),890.0,20,10.3,288,28
,TPS
ORISSA
67,PITHEAD,IB VALLEY TPS,420.0,15,8.5,75,9
68,PITHEAD,TALCHER (OLD) TPS,470.0,15,10.0,249,25
69,PITHEAD,TALCHER STPS,3000.0,15,65.0,71,1,*,**,Less Receipt
WEST BENGAL
70,RAIL,DURGAPUR TPS,340.0,20,6.1,217,36
71,RAIL,MEJIA TPS,1840.0,20,26.3,48,2,*,**,Higher Trun around
,time
72,RAIL,BAKRESWAR TPS,1050.0,25,16.1,51,3,*,**,Higher Generation
73,RAIL,BANDEL TPS,450.0,20,4.9,14,3,*,**,Less Receipt
74,RAIL,D.P.L. TPS,690.0,25,9.9,49,5,*,Less Receipt
75,RAIL,KOLAGHAT TPS,1260.0,25,19.6,1,0,*,**,Less Receipt
76,RAIL,SAGARDIGHI TPS,600.0,20,8.4,11,1,*,**,Less import
77,RAIL,SANTALDIH TPS,730.0,20,5.7,30,5,*,Less import
78,RAIL,BUDGE BUDGE TPS,750.0,20,8.3,240,29
79,RAIL,NEW COSSIPORE TPS,160.0,20,1.1,9,8
80,RAIL,SOUTHERN REPL. TPS,135.0,20,2.5,29,12
81,RAIL,TITAGARH TPS,240.0,20,3.6,23,7
82,PITHEAD,FARAKKA STPS,1600.0,15,27.5,46,2,*,**,Coal Transportation
TOTAL OF E.R.,19315.0,18,304.1,1892,6,11,8
ALL INDIA TOTAL,78837.0,21,1302,13062,10,30,20

(*) Critical i.e. stock less than 7 days in,30,TPSs,{Includes super critical also}
(**) Super Critical i.e. stock less than 4 days in,20,TPSs
,CENTRAL ELECTRICITY AUTHORITY
,OPERATION MONITORING DIVISION
,DAILY COAL REPORT
,Figures in 000 tonnes
COAL STOCKS POSITION AT VARIOUS THERMAL POWER STATIONS IN THE COUNTRY ( AS ON 02-Feb-2011 )
,Page 1 of2

,REGION/,MODE OF,NAME OF,CAPACITY,NORMA,COAL,ACTUAL STOCK,CRITICAL,REASONS FOR
,STATE,TRANSPORT,THERMAL,(MW),TIVE,REQUIRE,CRITICAL COAL
,POWER,STOCK,MENT,IN,000,IN,COAL STOCK,STOCK
,STATION,Reqd.,IN '000,TONNES,DAYS
,(DAYS),TONNES,<7,<4

NORTHERN
DELHI
1,RAIL,RAJGHAT TPS,135.0,20,2.7,8,3,*,**,Less Receipt
2,RAIL,BADARPUR TPS,705.0,30,13.6,156,12
HARYANA
3,RAIL,PANIPAT TPS,1360.0,25,19.5,82,4,*,No import
4,RAIL,YAMUNA NAGAR TPS,600.0,25,8.9,56,6,*,No import
5,RAIL,RAJIV GANDHI TPS,1200.0,25,13.3,23,2,*,**,No import
PUNJAB
6,RAIL,GH TPS (LEH.MOH.),920.0,30,11.3,274,24
7,RAIL,ROPAR TPS,1260.0,25,17.9,618,35
8,RAIL,GND TPS(BHATINDA),440.0,30,5.3,148,28
RAJASTHAN
9,RAIL,KOTA TPS,1240.0,30,23.2,38,2,*,**,No import
10,RAIL,SURATGARH TPS,1500.0,30,26.4,26,1,*,**,No import
11,RAIL,CHHABRA TPP,500.0,30,7.1,68,10
UTTAR PRADESH
12,PITHEAD,ANPARA TPS,1630.0,15,26.8,211,8
13,RAIL,HARDUAGANJ TPS,220.0,25,2.9,69,24
14,RAIL,OBRA TPS,1372.0,20,18.6,101,5,*,Less Receipt
15,RAIL,PANKI TPS,210.0,30,3.6,41,11
16,RAIL,PARICHHA TPS,640.0,30,12.9,127,10
17,RAIL,DADRI (NCTPP),1820.0,30,22.1,418,19
18,PITHEAD,RIHAND STPS,2000.0,15,37.1,561,15
19,PITHEAD,SINGRAULI STPS,2000.0,15,37.5,174,5,*,Higher Generation
20,RAIL,TANDA TPS,440.0,25,8.2,233,28
21,RAIL,UNCHAHAR TPS,1050.0,25,18.2,422,23
22,RAIL,ROSA TPP Ph-I,600.0,25,9.6,42,4,*,No import
TOTAL OF N.R.,21842.0,24,346.7,3897,11,9,4
WESTERN
CHHATTISGARH
23,RAIL,DSPM TPS,500.0,15,9.7,135,14
24,PITHEAD,KORBA-II,440.0,15,12.3,42,3,*,**,Less Receipt
25,PITHEAD,KORBA-WEST TPS,840.0,15,15.0,389,26
26,PITHEAD,KORBA STPS,2600.0,15,39.3,545,14
27,RAIL,SIPAT STPS,1000.0,20,19.6,582,30
28,RAIL,PATHADI TPP,600.0,15,10.4,502,48
29,RAIL,BHILAI TPS,500.0,25,9.6,307,32
GUJARAT
30,RAIL,GANDHI NAGAR TPS,870.0,30,13.4,112,8
31,RAIL,UKAI TPS,850.0,30,13.6,68,5,*,Higher Generation
32,RAIL,SIKKA REP. TPS,240.0,30,4.3,54,13
33,RAIL,WANAKBORI TPS,1470.0,30,26.8,126,5,*,Less Receipt
34,RAIL,SABARMATI (C,400.0,30,6.4,74,12
,STATION)
MADHYA PRADESH
35,PITHEAD,AMARKANTAK EXT TPS,450.0,15,5.5,121,22
36,RAIL,SANJAY GANDHI TPS,1340.0,20,22.9,18,1,*,**,Less import
37,RAIL,SATPURA TPS,1142.5,20,22.5,139,6,*,Less Receipt
38,PITHEAD,VINDHYACHAL STPS,3260.0,15,59.6,432,7
MAHARASHTRA
39,RAIL,BHUSAWAL TPS,470.0,20,9.4,152,16
40,RAIL,CHANDRAPUR(MAHAR,2340.0,20,42.9,398,9
,ASHTRA) STPS
41,RAIL,KHAPARKHEDA TPS- II,840.0,25,18.0,122,7
,Page 2 of2

 REGION/,MODE OF,NAME OF,CAPACITY,NORMA,COAL,ACTUAL STOCK,CRITICAL,REASONS FOR
,STATE,TRANSPORT,THERMAL,(MW),TIVE,REQUIRE,CRITICAL COAL
,POWER,STOCK,MENT,IN,000,IN,COAL STOCK,STOCK
,STATION,Reqd.,IN '000,TONNES,DAYS
,(DAYS),TONNES,<7,<4

42,RAIL,KORADI TPS,1040.0,25,17.0,176,10
43,RAIL,NASIK TPS,880.0,25,15.0,238,16
44,RAIL,PARLI TPS,1170.0,25,17.5,161,9
45,RAIL,PARAS TPS,555.0,25,8.3,167,20
46,RAIL,DAHANU TPS,500.0,25,8.2,40,5,*,Less Receipt - SECL
TOTAL OF W.R.,24297.5,21,427.2,5100,12,6,2
SOUTHERN
ANDHRA PRADESH
47,RAIL,Dr. N.TATA RAO TPS,1760.0,20,27.3,405,15
48,RAIL,KOTHAGUDEM TPS,1220.0,20,23.4,392,17
49,ROAD,RAMAGUNDEM - B TPS,62.5,20,1.1,17,16
50,RAIL,RAYALASEEMA TPS,1050.0,25,15.0,227,15
51,PITHEAD,RAMAGUNDEM STPS,2600.0,15,42.9,470,11
52,RAIL,SIMHADRI,1000.0,25,19.6,32,2,*,**,Less Receipt
53,PITHEAD,KAKATIYA TPS,500.0,15,7.5,138,18
KARNATAKA
54,RAIL,RAICHUR TPS,1720.0,30,27.6,304,11
55,RAIL,BELLARY TPS,500.0,20,10.5,149,14
TAMIL NADU
56,INTER MODAL,ENNORE TPS,450.0,30,6.6,5,1,*,**,Less Receipt
57,INTER MODAL,METTUR TPS,840.0,30,13.4,30,2,*,**,Less Receipt
58,INTER MODAL,NORTH CHENNAI TPS,630.0,30,10.0,32,3,*,**,Less Receipt
59,INTER MODAL,TUTICORIN TPS,1050.0,30,18.6,12,1,*,**,Less Receipt
TOTAL OF S.R.,13382.5,23,223.5,2212,10,5,5
EASTERN
BIHAR
60,RAIL,BARAUNI TPS,310.0,20,1.1,11,10
61,RAIL,MUZAFFARPUR TPS,220.0,20,2.1,17,8
62,PITHEAD,KAHALGAON TPS,2340.0,15,43.6,0,0,*,**,Coal Transportation
JHARKHAND
63,RAIL,PATRATU TPS,770.0,20,7.1,78,11
64,ROAD,TENUGHAT TPS,420.0,20,6.4,36,6,*,Less Receipt
65,RAIL,BOKARO `B` TPS,630.0,20,10.0,282,28
66,RAIL,CHANDRAPURA(DVC),890.0,20,10.3,282,27
,TPS
ORISSA
67,PITHEAD,IB VALLEY TPS,420.0,15,8.5,75,9
68,PITHEAD,TALCHER (OLD) TPS,470.0,15,10.0,250,25
69,PITHEAD,TALCHER STPS,3000.0,15,65.0,76,1,*,**,Less Receipt
WEST BENGAL
70,RAIL,DURGAPUR TPS,340.0,20,6.1,224,37
71,RAIL,MEJIA TPS,1840.0,20,26.3,51,2,*,**,Higher Trun around
,time
72,RAIL,BAKRESWAR TPS,1050.0,25,16.1,56,3,*,**,Higher Generation
73,RAIL,BANDEL TPS,450.0,20,4.9,14,3,*,**,Less Receipt
74,RAIL,D.P.L. TPS,690.0,25,9.9,51,5,*,Less Receipt
75,RAIL,KOLAGHAT TPS,1260.0,25,19.6,2,0,*,**,Less Receipt
76,RAIL,SAGARDIGHI TPS,600.0,20,8.4,6,1,*,**,Less import
77,RAIL,SANTALDIH TPS,730.0,20,5.7,26,5,*,Less import
78,RAIL,BUDGE BUDGE TPS,750.0,20,8.3,237,29
79,RAIL,NEW COSSIPORE TPS,160.0,20,1.1,8,8
80,RAIL,SOUTHERN REPL. TPS,135.0,20,2.5,27,11
81,RAIL,TITAGARH TPS,240.0,20,3.6,24,7
82,PITHEAD,FARAKKA STPS,1600.0,15,27.5,49,2,*,**,Coal Transportation
TOTAL OF E.R.,19315.0,18,304.1,1881,6,11,8
ALL INDIA TOTAL,78837.0,21,1302,13090,10,31,19

(*) Critical i.e. stock less than 7 days in,31,TPSs,{Includes super critical also}
(**) Super Critical i.e. stock less than 4 days in,19,TPSs
,CENTRAL ELECTRICITY AUTHORITY
,OPERATION MONITORING DIVISION
,DAILY COAL REPORT
,Figures in 000 tonnes
COAL STOCKS POSITION AT VARIOUS THERMAL POWER STATIONS IN THE COUNTRY ( AS ON 03-Feb-2011 )
,Page 1 of2

,REGION/,MODE OF,NAME OF,CAPACITY,NORMA,COAL,ACTUAL STOCK,CRITICAL,REASONS FOR
,STATE,TRANSPORT,THERMAL,(MW),TIVE,REQUIRE,CRITICAL COAL
,POWER,STOCK,MENT,IN,000,IN,COAL STOCK,STOCK
,STATION,Reqd.,IN '000,TONNES,DAYS
,(DAYS),TONNES,<7,<4

NORTHERN
DELHI
1,RAIL,RAJGHAT TPS,135.0,20,2.7,6,2,*,**,Less Receipt
2,RAIL,BADARPUR TPS,705.0,30,13.6,151,11
HARYANA
3,RAIL,PANIPAT TPS,1360.0,25,19.5,75,4,*,No import
4,RAIL,YAMUNA NAGAR TPS,600.0,25,8.9,58,7
5,RAIL,RAJIV GANDHI TPS,1200.0,25,13.3,17,1,*,**,No import
PUNJAB
6,RAIL,GH TPS (LEH.MOH.),920.0,30,11.3,290,26
7,RAIL,ROPAR TPS,1260.0,25,17.9,612,34
8,RAIL,GND TPS(BHATINDA),440.0,30,5.3,146,28
RAJASTHAN
9,RAIL,KOTA TPS,1240.0,30,23.2,30,1,*,**,No import
10,RAIL,SURATGARH TPS,1500.0,30,26.4,19,1,*,**,No import
11,RAIL,CHHABRA TPP,500.0,30,7.1,72,10
UTTAR PRADESH
12,PITHEAD,ANPARA TPS,1630.0,15,26.8,211,8
13,RAIL,HARDUAGANJ TPS,220.0,25,2.9,71,25
14,RAIL,OBRA TPS,1372.0,20,18.6,105,6,*,Less Receipt
15,RAIL,PANKI TPS,210.0,30,3.6,37,10
16,RAIL,PARICHHA TPS,640.0,30,12.9,133,10
17,RAIL,DADRI (NCTPP),1820.0,30,22.1,423,19
18,PITHEAD,RIHAND STPS,2000.0,15,37.1,569,15
19,PITHEAD,SINGRAULI STPS,2000.0,15,37.5,179,5,*,Higher Generation
20,RAIL,TANDA TPS,440.0,25,8.2,225,27
21,RAIL,UNCHAHAR TPS,1050.0,25,18.2,418,23
22,RAIL,ROSA TPP Ph-I,600.0,25,9.6,42,4,*,Data not received
TOTAL OF N.R.,21842.0,24,346.7,3888,11,8,4
WESTERN
CHHATTISGARH
23,RAIL,DSPM TPS,500.0,15,9.7,135,14
24,PITHEAD,KORBA-II,440.0,15,12.3,41,3,*,**,Less Receipt
25,PITHEAD,KORBA-WEST TPS,840.0,15,15.0,399,27
26,PITHEAD,KORBA STPS,2600.0,15,39.3,543,14
27,RAIL,SIPAT STPS,1000.0,20,19.6,583,30
28,RAIL,PATHADI TPP,600.0,15,10.4,500,48
29,RAIL,BHILAI TPS,500.0,25,9.6,299,31
GUJARAT
30,RAIL,GANDHI NAGAR TPS,870.0,30,13.4,118,9
31,RAIL,UKAI TPS,850.0,30,13.6,73,5,*,Higher Generation
32,RAIL,SIKKA REP. TPS,240.0,30,4.3,57,13
33,RAIL,WANAKBORI TPS,1470.0,30,26.8,115,4,*,Less Receipt
34,RAIL,SABARMATI (C,400.0,30,6.4,74,12
,STATION)
MADHYA PRADESH
35,PITHEAD,AMARKANTAK EXT TPS,450.0,15,5.5,121,22
36,RAIL,SANJAY GANDHI TPS,1340.0,20,22.9,17,1,*,**,Less import
37,RAIL,SATPURA TPS,1142.5,20,22.5,137,6,*,Less Receipt
38,PITHEAD,VINDHYACHAL STPS,3260.0,15,59.6,442,7
MAHARASHTRA
39,RAIL,BHUSAWAL TPS,470.0,20,9.4,153,16
40,RAIL,CHANDRAPUR(MAHAR,2340.0,20,42.9,404,9
,ASHTRA) STPS
41,RAIL,KHAPARKHEDA TPS- II,840.0,25,18.0,121,7
,Page 2 of2

 REGION/,MODE OF,NAME OF,CAPACITY,NORMA,COAL,ACTUAL STOCK,CRITICAL,REASONS FOR
,STATE,TRANSPORT,THERMAL,(MW),TIVE,REQUIRE,CRITICAL COAL
,POWER,STOCK,MENT,IN,000,IN,COAL STOCK,STOCK
,STATION,Reqd.,IN '000,TONNES,DAYS
,(DAYS),TONNES,<7,<4

42,RAIL,KORADI TPS,1040.0,25,17.0,180,11
43,RAIL,NASIK TPS,880.0,25,15.0,238,16
44,RAIL,PARLI TPS,1170.0,25,17.5,162,9
45,RAIL,PARAS TPS,555.0,25,8.3,170,20
46,RAIL,DAHANU TPS,500.0,25,8.2,40,5,*,Less Receipt - SECL
TOTAL OF W.R.,24297.5,21,427.2,5121,12,6,2
SOUTHERN
ANDHRA PRADESH
47,RAIL,Dr. N.TATA RAO TPS,1760.0,20,27.3,402,15
48,RAIL,KOTHAGUDEM TPS,1220.0,20,23.4,397,17
49,ROAD,RAMAGUNDEM - B TPS,62.5,20,1.1,16,15
50,RAIL,RAYALASEEMA TPS,1050.0,25,15.0,216,14
51,PITHEAD,RAMAGUNDEM STPS,2600.0,15,42.9,443,10
52,RAIL,SIMHADRI,1000.0,25,19.6,31,2,*,**,Less Receipt
53,PITHEAD,KAKATIYA TPS,500.0,15,7.5,136,18
KARNATAKA
54,RAIL,RAICHUR TPS,1720.0,30,27.6,307,11
55,RAIL,BELLARY TPS,500.0,20,10.5,152,14
TAMIL NADU
56,INTER MODAL,ENNORE TPS,450.0,30,6.6,6,1,*,**,Less Receipt
57,INTER MODAL,METTUR TPS,840.0,30,13.4,37,3,*,**,Less Receipt
58,INTER MODAL,NORTH CHENNAI TPS,630.0,30,10.0,22,2,*,**,Less Receipt
59,INTER MODAL,TUTICORIN TPS,1050.0,30,18.6,22,1,*,**,Less Receipt
TOTAL OF S.R.,13382.5,23,223.5,2188,10,5,5
EASTERN
BIHAR
60,RAIL,BARAUNI TPS,310.0,20,1.1,10,10
61,RAIL,MUZAFFARPUR TPS,220.0,20,2.1,17,8
62,PITHEAD,KAHALGAON TPS,2340.0,15,43.6,0,0,*,**,Coal Transportation
JHARKHAND
63,RAIL,PATRATU TPS,770.0,20,7.1,79,11
64,ROAD,TENUGHAT TPS,420.0,20,6.4,30,5,*,Less Receipt
65,RAIL,BOKARO `B` TPS,630.0,20,10.0,281,28
66,RAIL,CHANDRAPURA(DVC),890.0,20,10.3,275,27
,TPS
ORISSA
67,PITHEAD,IB VALLEY TPS,420.0,15,8.5,75,9
68,PITHEAD,TALCHER (OLD) TPS,470.0,15,10.0,250,25
69,PITHEAD,TALCHER STPS,3000.0,15,65.0,78,1,*,**,Less Receipt
WEST BENGAL
70,RAIL,DURGAPUR TPS,340.0,20,6.1,228,37
71,RAIL,MEJIA TPS,1840.0,20,26.3,61,2,*,**,Higher Trun around
,time
72,RAIL,BAKRESWAR TPS,1050.0,25,16.1,54,3,*,**,Higher Generation
73,RAIL,BANDEL TPS,450.0,20,4.9,12,2,*,**,Less Receipt
74,RAIL,D.P.L. TPS,690.0,25,9.9,49,5,*,Less Receipt
75,RAIL,KOLAGHAT TPS,1260.0,25,19.6,8,0,*,**,Less Receipt
76,RAIL,SAGARDIGHI TPS,600.0,20,8.4,4,1,*,**,Less import
77,RAIL,SANTALDIH TPS,730.0,20,5.7,29,5,*,Less import
78,RAIL,BUDGE BUDGE TPS,750.0,20,8.3,236,29
79,RAIL,NEW COSSIPORE TPS,160.0,20,1.1,7,7
80,RAIL,SOUTHERN REPL. TPS,135.0,20,2.5,25,10
81,RAIL,TITAGARH TPS,240.0,20,3.6,31,9
82,PITHEAD,FARAKKA STPS,1600.0,15,27.5,40,1,*,**,Coal Transportation
TOTAL OF E.R.,19315.0,18,304.1,1880,6,11,8
ALL INDIA TOTAL,78837.0,21,1302,13078,10,30,19

(*) Critical i.e. stock less than 7 days in,30,TPSs,{Includes super critical also}
(**) Super Critical i.e. stock less than 4 days in,19,TPSs
,CENTRAL ELECTRICITY AUTHORITY
,OPERATION MONITORING DIVISION
,DAILY COAL REPORT
,Figures in 000 tonnes
COAL STOCKS POSITION AT VARIOUS THERMAL POWER STATIONS IN THE COUNTRY ( AS ON 06-Feb-2011 )
,Page 1 of2

,REGION/,MODE OF,NAME OF,CAPACITY,NORMA,COAL,ACTUAL STOCK,CRITICAL,REASONS FOR
,STATE,TRANSPORT,THERMAL,(MW),TIVE,REQUIRE,CRITICAL COAL
,POWER,STOCK,MENT,IN,000,IN,COAL STOCK,STOCK
,STATION,Reqd.,IN '000,TONNES,DAYS
,(DAYS),TONNES,<7,<4

NORTHERN
DELHI
1,RAIL,RAJGHAT TPS,135.0,20,2.7,9,3,*,**,Less Receipt
2,RAIL,BADARPUR TPS,705.0,30,13.6,123,9
HARYANA
3,RAIL,PANIPAT TPS,1360.0,25,19.5,61,3,*,**,No import
4,RAIL,YAMUNA NAGAR TPS,600.0,25,8.9,47,5,*,No import
5,RAIL,RAJIV GANDHI TPS,1200.0,25,13.3,23,2,*,**,No import
PUNJAB
6,RAIL,GH TPS (LEH.MOH.),920.0,30,11.3,303,27
7,RAIL,ROPAR TPS,1260.0,25,17.9,592,33
8,RAIL,GND TPS(BHATINDA),440.0,30,5.3,137,26
RAJASTHAN
9,RAIL,KOTA TPS,1240.0,30,23.2,24,1,*,**,No import
10,RAIL,SURATGARH TPS,1500.0,30,26.4,40,2,*,**,No import
11,RAIL,CHHABRA TPP,500.0,30,7.1,73,10
UTTAR PRADESH
12,PITHEAD,ANPARA TPS,1630.0,15,26.8,201,8
13,RAIL,HARDUAGANJ TPS,220.0,25,2.9,72,25
14,RAIL,OBRA TPS,1372.0,20,18.6,118,6,*,Less Receipt
15,RAIL,PANKI TPS,210.0,30,3.6,33,9
16,RAIL,PARICHHA TPS,640.0,30,12.9,137,11
17,RAIL,DADRI (NCTPP),1820.0,30,22.1,403,18
18,PITHEAD,RIHAND STPS,2000.0,15,37.1,573,15
19,PITHEAD,SINGRAULI STPS,2000.0,15,37.5,212,6,*,Higher Generation
20,RAIL,TANDA TPS,440.0,25,8.2,232,28
21,RAIL,UNCHAHAR TPS,1050.0,25,18.2,417,23
22,RAIL,ROSA TPP Ph-I,600.0,25,9.6,42,4,*,Data not received
TOTAL OF N.R.,21842.0,24,346.7,3875,11,9,5
WESTERN
CHHATTISGARH
23,RAIL,DSPM TPS,500.0,15,9.7,129,13
24,PITHEAD,KORBA-II,440.0,15,12.3,34,3,*,**,Less Receipt
25,PITHEAD,KORBA-WEST TPS,840.0,15,15.0,406,27
26,PITHEAD,KORBA STPS,2600.0,15,39.3,554,14
27,RAIL,SIPAT STPS,1000.0,20,19.6,592,30
28,RAIL,PATHADI TPP,600.0,15,10.4,500,48
29,RAIL,BHILAI TPS,500.0,25,9.6,277,29
GUJARAT
30,RAIL,GANDHI NAGAR TPS,870.0,30,13.4,106,8
31,RAIL,UKAI TPS,850.0,30,13.6,81,6,*,Higher Generation
32,RAIL,SIKKA REP. TPS,240.0,30,4.3,46,11
33,RAIL,WANAKBORI TPS,1470.0,30,26.8,109,4,*,Less Receipt
34,RAIL,SABARMATI (C,400.0,30,6.4,74,12
,STATION)
MADHYA PRADESH
35,PITHEAD,AMARKANTAK EXT TPS,450.0,15,5.5,123,22
36,RAIL,SANJAY GANDHI TPS,1340.0,20,22.9,21,1,*,**,Less import
37,RAIL,SATPURA TPS,1142.5,20,22.5,139,6,*,Less Receipt
38,PITHEAD,VINDHYACHAL STPS,3260.0,15,59.6,450,8
MAHARASHTRA
39,RAIL,BHUSAWAL TPS,470.0,20,9.4,158,17
40,RAIL,CHANDRAPUR(MAHAR,2340.0,20,42.9,405,9
,ASHTRA) STPS
41,RAIL,KHAPARKHEDA TPS- II,840.0,25,18.0,123,7
,Page 2 of2

 REGION/,MODE OF,NAME OF,CAPACITY,NORMA,COAL,ACTUAL STOCK,CRITICAL,REASONS FOR
,STATE,TRANSPORT,THERMAL,(MW),TIVE,REQUIRE,CRITICAL COAL
,POWER,STOCK,MENT,IN,000,IN,COAL STOCK,STOCK
,STATION,Reqd.,IN '000,TONNES,DAYS
,(DAYS),TONNES,<7,<4

42,RAIL,KORADI TPS,1040.0,25,17.0,191,11
43,RAIL,NASIK TPS,880.0,25,15.0,233,16
44,RAIL,PARLI TPS,1170.0,25,17.5,155,9
45,RAIL,PARAS TPS,555.0,25,8.3,169,20
46,RAIL,DAHANU TPS,500.0,25,8.2,49,6,*,Less Receipt - SECL
TOTAL OF W.R.,24297.5,21,427.2,5124,12,6,2
SOUTHERN
ANDHRA PRADESH
47,RAIL,Dr. N.TATA RAO TPS,1760.0,20,27.3,368,13
48,RAIL,KOTHAGUDEM TPS,1220.0,20,23.4,399,17
49,ROAD,RAMAGUNDEM - B TPS,62.5,20,1.1,13,12
50,RAIL,RAYALASEEMA TPS,1050.0,25,15.0,217,14
51,PITHEAD,RAMAGUNDEM STPS,2600.0,15,42.9,472,11
52,RAIL,SIMHADRI,1000.0,25,19.6,22,1,*,**,Less Receipt
53,PITHEAD,KAKATIYA TPS,500.0,15,7.5,143,19
KARNATAKA
54,RAIL,RAICHUR TPS,1720.0,30,27.6,314,11
55,RAIL,BELLARY TPS,500.0,20,10.5,158,15
TAMIL NADU
56,INTER MODAL,ENNORE TPS,450.0,30,6.6,6,1,*,**,Less Receipt
57,INTER MODAL,METTUR TPS,840.0,30,13.4,31,2,*,**,Less Receipt
58,INTER MODAL,NORTH CHENNAI TPS,630.0,30,10.0,4,0,*,**,Less Receipt
59,INTER MODAL,TUTICORIN TPS,1050.0,30,18.6,23,1,*,**,Less Receipt
TOTAL OF S.R.,13382.5,23,223.5,2169,10,5,5
EASTERN
BIHAR
60,RAIL,BARAUNI TPS,310.0,20,1.1,13,12
61,RAIL,MUZAFFARPUR TPS,220.0,20,2.1,17,8
62,PITHEAD,KAHALGAON TPS,2340.0,15,43.6,0,0,*,**,Coal Transportation
JHARKHAND
63,RAIL,PATRATU TPS,770.0,20,7.1,79,11
64,ROAD,TENUGHAT TPS,420.0,20,6.4,31,5,*,Less Receipt
65,RAIL,BOKARO `B` TPS,630.0,20,10.0,286,29
66,RAIL,CHANDRAPURA(DVC),890.0,20,10.3,257,25
,TPS
ORISSA
67,PITHEAD,IB VALLEY TPS,420.0,15,8.5,74,9
68,PITHEAD,TALCHER (OLD) TPS,470.0,15,10.0,231,23
69,PITHEAD,TALCHER STPS,3000.0,15,65.0,95,1,*,**,Less Receipt
WEST BENGAL
70,RAIL,DURGAPUR TPS,340.0,20,6.1,231,38
71,RAIL,MEJIA TPS,1840.0,20,26.3,55,2,*,**,Higher Trun around
,time
72,RAIL,BAKRESWAR TPS,1050.0,25,16.1,53,3,*,**,Higher Generation
73,RAIL,BANDEL TPS,450.0,20,4.9,12,2,*,**,Less Receipt
74,RAIL,D.P.L. TPS,690.0,25,9.9,51,5,*,Less Receipt
75,RAIL,KOLAGHAT TPS,1260.0,25,19.6,9,0,*,**,Less Receipt
76,RAIL,SAGARDIGHI TPS,600.0,20,8.4,2,0,*,**,Less import
77,RAIL,SANTALDIH TPS,730.0,20,5.7,29,5,*,Less import
78,RAIL,BUDGE BUDGE TPS,750.0,20,8.3,233,28
79,RAIL,NEW COSSIPORE TPS,160.0,20,1.1,8,8
80,RAIL,SOUTHERN REPL. TPS,135.0,20,2.5,28,11
81,RAIL,TITAGARH TPS,240.0,20,3.6,28,8
82,PITHEAD,FARAKKA STPS,1600.0,15,27.5,33,1,*,**,Coal Transportation
TOTAL OF E.R.,19315.0,18,304.1,1855,6,11,8
ALL INDIA TOTAL,78837.0,21,1302,13024,10,31,20

(*) Critical i.e. stock less than 7 days in,31,TPSs,{Includes super critical also}
(**) Super Critical i.e. stock less than 4 days in,20,TPSs
,CENTRAL ELECTRICITY AUTHORITY
,OPERATION MONITORING DIVISION
,DAILY COAL REPORT
,Figures in 000 tonnes
COAL STOCKS POSITION AT VARIOUS THERMAL POWER STATIONS IN THE COUNTRY ( AS ON 07-Feb-2011 )
,Page 1 of2

,REGION/,MODE OF,NAME OF,CAPACITY,NORMA,COAL,ACTUAL STOCK,CRITICAL,REASONS FOR
,STATE,TRANSPORT,THERMAL,(MW),TIVE,REQUIRE,CRITICAL COAL
,POWER,STOCK,MENT,IN,000,IN,COAL STOCK,STOCK
,STATION,Reqd.,IN '000,TONNES,DAYS
,(DAYS),TONNES,<7,<4

NORTHERN
DELHI
1,RAIL,RAJGHAT TPS,135.0,20,2.7,9,3,*,**,Less Receipt
2,RAIL,BADARPUR TPS,705.0,30,13.6,111,8
HARYANA
3,RAIL,PANIPAT TPS,1360.0,25,19.5,60,3,*,**,No import
4,RAIL,YAMUNA NAGAR TPS,600.0,25,8.9,57,6,*,No import
5,RAIL,RAJIV GANDHI TPS,1200.0,25,13.3,22,2,*,**,No import
PUNJAB
6,RAIL,GH TPS (LEH.MOH.),920.0,30,11.3,307,27
7,RAIL,ROPAR TPS,1260.0,25,17.9,577,32
8,RAIL,GND TPS(BHATINDA),440.0,30,5.3,140,26
RAJASTHAN
9,RAIL,KOTA TPS,1240.0,30,23.2,25,1,*,**,No import
10,RAIL,SURATGARH TPS,1500.0,30,26.4,39,1,*,**,No import
11,RAIL,CHHABRA TPP,500.0,30,7.1,73,10
UTTAR PRADESH
12,PITHEAD,ANPARA TPS,1630.0,15,26.8,201,7
13,RAIL,HARDUAGANJ TPS,220.0,25,2.9,71,25
14,RAIL,OBRA TPS,1372.0,20,18.6,118,6,*,Less Receipt
15,RAIL,PANKI TPS,210.0,30,3.6,33,9
16,RAIL,PARICHHA TPS,640.0,30,12.9,140,11
17,RAIL,DADRI (NCTPP),1820.0,30,22.1,399,18
18,PITHEAD,RIHAND STPS,2000.0,15,37.1,572,15
19,PITHEAD,SINGRAULI STPS,2000.0,15,37.5,227,6,*,Higher Generation
20,RAIL,TANDA TPS,440.0,25,8.2,235,29
21,RAIL,UNCHAHAR TPS,1050.0,25,18.2,414,23
22,RAIL,ROSA TPP Ph-I,600.0,25,9.6,62,6,*,No import
TOTAL OF N.R.,21842.0,24,346.7,3890,11,9,5
WESTERN
CHHATTISGARH
23,RAIL,DSPM TPS,500.0,15,9.7,130,13
24,PITHEAD,KORBA-II,440.0,15,12.3,33,3,*,**,Less Receipt
25,PITHEAD,KORBA-WEST TPS,840.0,15,15.0,417,28
26,PITHEAD,KORBA STPS,2600.0,15,39.3,556,14
27,RAIL,SIPAT STPS,1000.0,20,19.6,597,30
28,RAIL,PATHADI TPP,600.0,15,10.4,498,48
29,RAIL,BHILAI TPS,500.0,25,9.6,282,29
GUJARAT
30,RAIL,GANDHI NAGAR TPS,870.0,30,13.4,94,7
31,RAIL,UKAI TPS,850.0,30,13.6,84,6,*,Higher Generation
32,RAIL,WANAKBORI TPS,1470.0,30,26.8,89,3,*,**,Less Receipt
33,RAIL,SIKKA REP. TPS,240.0,30,4.3,46,11
34,RAIL,SABARMATI (C,400.0,30,6.4,71,11
,STATION)
MADHYA PRADESH
35,PITHEAD,AMARKANTAK EXT TPS,450.0,15,5.5,127,23
36,RAIL,SANJAY GANDHI TPS,1340.0,20,22.9,23,1,*,**,Less import
37,RAIL,SATPURA TPS,1142.5,20,22.5,134,6,*,Less Receipt
38,PITHEAD,VINDHYACHAL STPS,3260.0,15,59.6,458,8
MAHARASHTRA
39,RAIL,BHUSAWAL TPS,470.0,20,9.4,160,17
40,RAIL,CHANDRAPUR(MAHAR,2340.0,20,42.9,403,9
,ASHTRA) STPS
41,RAIL,KHAPARKHEDA TPS- II,840.0,25,18.0,125,7
,Page 2 of2

 REGION/,MODE OF,NAME OF,CAPACITY,NORMA,COAL,ACTUAL STOCK,CRITICAL,REASONS FOR
,STATE,TRANSPORT,THERMAL,(MW),TIVE,REQUIRE,CRITICAL COAL
,POWER,STOCK,MENT,IN,000,IN,COAL STOCK,STOCK
,STATION,Reqd.,IN '000,TONNES,DAYS
,(DAYS),TONNES,<7,<4

42,RAIL,KORADI TPS,1040.0,25,17.0,192,11
43,RAIL,NASIK TPS,880.0,25,15.0,237,16
44,RAIL,PARLI TPS,1170.0,25,17.5,154,9
45,RAIL,PARAS TPS,555.0,25,8.3,170,20
46,RAIL,DAHANU TPS,500.0,25,8.2,49,6,*,Less Receipt - SECL
TOTAL OF W.R.,24297.5,21,427.2,5128,12,6,3
SOUTHERN
ANDHRA PRADESH
47,RAIL,Dr. N.TATA RAO TPS,1760.0,20,27.3,357,13
48,RAIL,KOTHAGUDEM TPS,1220.0,20,23.4,398,17
49,ROAD,RAMAGUNDEM - B TPS,62.5,20,1.1,12,11
50,RAIL,RAYALASEEMA TPS,1050.0,25,15.0,213,14
51,PITHEAD,RAMAGUNDEM STPS,2600.0,15,42.9,471,11
52,RAIL,SIMHADRI,1000.0,25,19.6,21,1,*,**,Less Receipt
53,PITHEAD,KAKATIYA TPS,500.0,15,7.5,141,19
KARNATAKA
54,RAIL,RAICHUR TPS,1720.0,30,27.6,319,12
55,RAIL,BELLARY TPS,500.0,20,10.5,164,16
TAMIL NADU
56,INTER MODAL,ENNORE TPS,450.0,30,6.6,1,0,*,**,Less Receipt
57,INTER MODAL,METTUR TPS,840.0,30,13.4,21,2,*,**,Less Receipt
58,INTER MODAL,NORTH CHENNAI TPS,630.0,30,10.0,3,0,*,**,Less Receipt
59,INTER MODAL,TUTICORIN TPS,1050.0,30,18.6,39,2,*,**,Less Receipt
TOTAL OF S.R.,13382.5,23,223.5,2161,10,5,5
EASTERN
BIHAR
60,RAIL,BARAUNI TPS,310.0,20,1.1,13,12
61,RAIL,MUZAFFARPUR TPS,220.0,20,2.1,17,8
62,PITHEAD,KAHALGAON TPS,2340.0,15,43.6,0,0,*,**,Coal Transportation
JHARKHAND
63,RAIL,PATRATU TPS,770.0,20,7.1,83,12
64,ROAD,TENUGHAT TPS,420.0,20,6.4,31,5,*,Less Receipt
65,RAIL,BOKARO `B` TPS,630.0,20,10.0,286,29
66,RAIL,CHANDRAPURA(DVC),890.0,20,10.3,257,25
,TPS
ORISSA
67,PITHEAD,IB VALLEY TPS,420.0,15,8.5,72,8
68,PITHEAD,TALCHER (OLD) TPS,470.0,15,10.0,224,22
69,PITHEAD,TALCHER STPS,3000.0,15,65.0,93,1,*,**,Less Receipt
WEST BENGAL
70,RAIL,DURGAPUR TPS,340.0,20,6.1,231,38
71,RAIL,MEJIA TPS,1840.0,20,26.3,55,2,*,**,Higher Trun around
,time
72,RAIL,BAKRESWAR TPS,1050.0,25,16.1,44,3,*,**,Higher Generation
73,RAIL,BANDEL TPS,450.0,20,4.9,16,3,*,**,Less Receipt
74,RAIL,D.P.L. TPS,690.0,25,9.9,51,5,*,Less Receipt
75,RAIL,KOLAGHAT TPS,1260.0,25,19.6,9,0,*,**,Less Receipt
76,RAIL,SAGARDIGHI TPS,600.0,20,8.4,1,0,*,**,Less import
77,RAIL,SANTALDIH TPS,730.0,20,5.7,25,4,*,Less import
78,RAIL,BUDGE BUDGE TPS,750.0,20,8.3,236,29
79,RAIL,NEW COSSIPORE TPS,160.0,20,1.1,8,7
80,RAIL,SOUTHERN REPL. TPS,135.0,20,2.5,29,12
81,RAIL,TITAGARH TPS,240.0,20,3.6,25,7
82,PITHEAD,FARAKKA STPS,1600.0,15,27.5,38,1,*,**,Coal Transportation
TOTAL OF E.R.,19315.0,18,304.1,1843,6,11,8
ALL INDIA TOTAL,78837.0,21,1302,13022,10,31,21

(*) Critical i.e. stock less than 7 days in,31,TPSs,{Includes super critical also}
(**) Super Critical i.e. stock less than 4 days in,21,TPSs
,CENTRAL ELECTRICITY AUTHORITY
,OPERATION MONITORING DIVISION
,DAILY COAL REPORT
,Figures in 000 tonnes
COAL STOCKS POSITION AT VARIOUS THERMAL POWER STATIONS IN THE COUNTRY ( AS ON 08-Feb-2011 )
,Page 1 of2

,REGION/,MODE OF,NAME OF,CAPACITY,NORMA,COAL,ACTUAL STOCK,CRITICAL,REASONS FOR
,STATE,TRANSPORT,THERMAL,(MW),TIVE,REQUIRE,CRITICAL COAL
,POWER,STOCK,MENT,IN,000,IN,COAL STOCK,STOCK
,STATION,Reqd.,IN '000,TONNES,DAYS
,(DAYS),TONNES,<7,<4

NORTHERN
DELHI
1,RAIL,RAJGHAT TPS,135.0,20,2.7,6,2,*,**,Less Receipt
2,RAIL,BADARPUR TPS,705.0,30,13.6,97,7
HARYANA
3,RAIL,PANIPAT TPS,1360.0,25,19.5,62,3,*,**,No import
4,RAIL,YAMUNA NAGAR TPS,600.0,25,8.9,56,6,*,No import
5,RAIL,RAJIV GANDHI TPS,1200.0,25,13.3,22,2,*,**,No import
PUNJAB
6,RAIL,GH TPS (LEH.MOH.),920.0,30,11.3,307,27
7,RAIL,ROPAR TPS,1260.0,25,17.9,561,31
8,RAIL,GND TPS(BHATINDA),440.0,30,5.3,134,25
RAJASTHAN
9,RAIL,KOTA TPS,1240.0,30,23.2,22,1,*,**,No import
10,RAIL,SURATGARH TPS,1500.0,30,26.4,52,2,*,**,No import
11,RAIL,CHHABRA TPP,500.0,30,7.1,73,10
UTTAR PRADESH
12,PITHEAD,ANPARA TPS,1630.0,15,26.8,204,8
13,RAIL,HARDUAGANJ TPS,220.0,25,2.9,69,24
14,RAIL,OBRA TPS,1372.0,20,18.6,119,6,*,Less Receipt
15,RAIL,PANKI TPS,210.0,30,3.6,34,9
16,RAIL,PARICHHA TPS,640.0,30,12.9,131,10
17,RAIL,DADRI (NCTPP),1820.0,30,22.1,398,18
18,PITHEAD,RIHAND STPS,2000.0,15,37.1,573,15
19,PITHEAD,SINGRAULI STPS,2000.0,15,37.5,232,6,*,Higher Generation
20,RAIL,TANDA TPS,440.0,25,8.2,237,29
21,RAIL,UNCHAHAR TPS,1050.0,25,18.2,415,23
22,RAIL,ROSA TPP Ph-I,600.0,25,9.6,58,6,*,No import
TOTAL OF N.R.,21842.0,24,346.7,3864,11,9,5
WESTERN
CHHATTISGARH
23,RAIL,DSPM TPS,500.0,15,9.7,131,13
24,PITHEAD,KORBA-II,440.0,15,12.3,32,3,*,**,Less Receipt
25,PITHEAD,KORBA-WEST TPS,840.0,15,15.0,424,28
26,PITHEAD,KORBA STPS,2600.0,15,39.3,556,14
27,RAIL,SIPAT STPS,1000.0,20,19.6,594,30
28,RAIL,PATHADI TPP,600.0,15,10.4,497,48
29,RAIL,BHILAI TPS,500.0,25,9.6,276,29
GUJARAT
30,RAIL,GANDHI NAGAR TPS,870.0,30,13.4,85,6,*,Less Receipt
31,RAIL,UKAI TPS,850.0,30,13.6,88,6,*,Higher Generation
32,RAIL,WANAKBORI TPS,1470.0,30,26.8,81,3,*,**,Less Receipt
33,RAIL,SIKKA REP. TPS,240.0,30,4.3,42,10
34,RAIL,SABARMATI (C,400.0,30,6.4,71,11
,STATION)
MADHYA PRADESH
35,PITHEAD,AMARKANTAK EXT TPS,450.0,15,5.5,125,23
36,RAIL,SANJAY GANDHI TPS,1340.0,20,22.9,26,1,*,**,Less import
37,RAIL,SATPURA TPS,1142.5,20,22.5,133,6,*,Less Receipt
38,PITHEAD,VINDHYACHAL STPS,3260.0,15,59.6,468,8
MAHARASHTRA
39,RAIL,BHUSAWAL TPS,470.0,20,9.4,163,17
40,RAIL,CHANDRAPUR(MAHAR,2340.0,20,42.9,405,9
,ASHTRA) STPS
41,RAIL,KHAPARKHEDA TPS- II,840.0,25,18.0,123,7
,Page 2 of2

 REGION/,MODE OF,NAME OF,CAPACITY,NORMA,COAL,ACTUAL STOCK,CRITICAL,REASONS FOR
,STATE,TRANSPORT,THERMAL,(MW),TIVE,REQUIRE,CRITICAL COAL
,POWER,STOCK,MENT,IN,000,IN,COAL STOCK,STOCK
,STATION,Reqd.,IN '000,TONNES,DAYS
,(DAYS),TONNES,<7,<4

42,RAIL,KORADI TPS,1040.0,25,17.0,188,11
43,RAIL,NASIK TPS,880.0,25,15.0,240,16
44,RAIL,PARLI TPS,1170.0,25,17.5,150,9
45,RAIL,PARAS TPS,555.0,25,8.3,164,20
46,RAIL,DAHANU TPS,500.0,25,8.2,50,6,*,Less Receipt - SECL
TOTAL OF W.R.,24297.5,21,427.2,5113,12,7,3
SOUTHERN
ANDHRA PRADESH
47,RAIL,Dr. N.TATA RAO TPS,1760.0,20,27.3,350,13
48,RAIL,KOTHAGUDEM TPS,1220.0,20,23.4,396,17
49,ROAD,RAMAGUNDEM - B TPS,62.5,20,1.1,11,10
50,RAIL,RAYALASEEMA TPS,1050.0,25,15.0,208,14
51,PITHEAD,RAMAGUNDEM STPS,2600.0,15,42.9,474,11
52,RAIL,SIMHADRI,1000.0,25,19.6,26,1,*,**,Less Receipt
53,PITHEAD,KAKATIYA TPS,500.0,15,7.5,138,18
KARNATAKA
54,RAIL,RAICHUR TPS,1720.0,30,27.6,309,11
55,RAIL,BELLARY TPS,500.0,20,10.5,160,15
TAMIL NADU
56,INTER MODAL,ENNORE TPS,450.0,30,6.6,5,1,*,**,Less Receipt
57,INTER MODAL,METTUR TPS,840.0,30,13.4,14,1,*,**,Less Receipt
58,INTER MODAL,NORTH CHENNAI TPS,630.0,30,10.0,32,3,*,**,Less Receipt
59,INTER MODAL,TUTICORIN TPS,1050.0,30,18.6,48,3,*,**,Less Receipt
TOTAL OF S.R.,13382.5,23,223.5,2171,10,5,5
EASTERN
BIHAR
60,RAIL,BARAUNI TPS,310.0,20,1.1,14,13
61,RAIL,MUZAFFARPUR TPS,220.0,20,2.1,17,8
62,PITHEAD,KAHALGAON TPS,2340.0,15,43.6,0,0,*,**,Coal Transportation
JHARKHAND
63,RAIL,PATRATU TPS,770.0,20,7.1,81,12
64,ROAD,TENUGHAT TPS,420.0,20,6.4,31,5,*,Less Receipt
65,RAIL,BOKARO `B` TPS,630.0,20,10.0,275,28
66,RAIL,CHANDRAPURA(DVC),890.0,20,10.3,244,24
,TPS
ORISSA
67,PITHEAD,IB VALLEY TPS,420.0,15,8.5,68,8
68,PITHEAD,TALCHER (OLD) TPS,470.0,15,10.0,223,22
69,PITHEAD,TALCHER STPS,3000.0,15,65.0,93,1,*,**,Less Receipt
WEST BENGAL
70,RAIL,DURGAPUR TPS,340.0,20,6.1,231,38
71,RAIL,MEJIA TPS,1840.0,20,26.3,53,2,*,**,Higher Trun around
,time
72,RAIL,BAKRESWAR TPS,1050.0,25,16.1,44,3,*,**,Higher Generation
73,RAIL,BANDEL TPS,450.0,20,4.9,18,4,*,Less Receipt
74,RAIL,D.P.L. TPS,690.0,25,9.9,54,5,*,Less Receipt
75,RAIL,KOLAGHAT TPS,1260.0,25,19.6,10,0,*,**,Less Receipt
76,RAIL,SAGARDIGHI TPS,600.0,20,8.4,1,0,*,**,Less import
77,RAIL,SANTALDIH TPS,730.0,20,5.7,25,4,*,Less import
78,RAIL,BUDGE BUDGE TPS,750.0,20,8.3,247,30
79,RAIL,NEW COSSIPORE TPS,160.0,20,1.1,7,6,*,Less Receipt
80,RAIL,SOUTHERN REPL. TPS,135.0,20,2.5,27,11
81,RAIL,TITAGARH TPS,240.0,20,3.6,21,6,*,Less Receipt
82,PITHEAD,FARAKKA STPS,1600.0,15,27.5,46,2,*,**,Coal Transportation
TOTAL OF E.R.,19315.0,18,304.1,1829,6,13,7
ALL INDIA TOTAL,78837.0,21,1302,12976,10,34,20

(*) Critical i.e. stock less than 7 days in,34,TPSs,{Includes super critical also}
(**) Super Critical i.e. stock less than 4 days in,20,TPSs
,CENTRAL ELECTRICITY AUTHORITY
,OPERATION MONITORING DIVISION
,DAILY COAL REPORT
,Figures in 000 tonnes
COAL STOCKS POSITION AT VARIOUS THERMAL POWER STATIONS IN THE COUNTRY ( AS ON 09-Feb-2011 )
,Page 1 of2

,REGION/,MODE OF,NAME OF,CAPACITY,NORMA,COAL,ACTUAL STOCK,CRITICAL,REASONS FOR
,STATE,TRANSPORT,THERMAL,(MW),TIVE,REQUIRE,CRITICAL COAL
,POWER,STOCK,MENT,IN,000,IN,COAL STOCK,STOCK
,STATION,Reqd.,IN '000,TONNES,DAYS
,(DAYS),TONNES,<7,<4

NORTHERN
DELHI
1,RAIL,RAJGHAT TPS,135.0,20,2.7,4,1,*,**,Less Receipt
2,RAIL,BADARPUR TPS,705.0,30,13.6,106,8
HARYANA
3,RAIL,PANIPAT TPS,1360.0,25,19.5,58,3,*,**,No import
4,RAIL,YAMUNA NAGAR TPS,600.0,25,8.9,56,6,*,No import
5,RAIL,RAJIV GANDHI TPS,1200.0,25,13.3,10,1,*,**,No import
PUNJAB
6,RAIL,GH TPS (LEH.MOH.),920.0,30,11.3,307,27
7,RAIL,ROPAR TPS,1260.0,25,17.9,555,31
8,RAIL,GND TPS(BHATINDA),440.0,30,5.3,137,26
RAJASTHAN
9,RAIL,KOTA TPS,1240.0,30,23.2,23,1,*,**,No import
10,RAIL,SURATGARH TPS,1500.0,30,26.4,54,2,*,**,No import
11,RAIL,CHHABRA TPP,500.0,30,7.1,73,10
UTTAR PRADESH
12,PITHEAD,ANPARA TPS,1630.0,15,26.8,204,8
13,RAIL,HARDUAGANJ TPS,220.0,25,2.9,71,25
14,RAIL,OBRA TPS,1372.0,20,18.6,121,7
15,RAIL,PANKI TPS,210.0,30,3.6,39,11
16,RAIL,PARICHHA TPS,640.0,30,12.9,134,10
17,RAIL,DADRI (NCTPP),1820.0,30,22.1,385,17
18,PITHEAD,RIHAND STPS,2000.0,15,37.1,575,15
19,PITHEAD,SINGRAULI STPS,2000.0,15,37.5,239,6,*,Higher Generation
20,RAIL,TANDA TPS,440.0,25,8.2,236,29
21,RAIL,UNCHAHAR TPS,1050.0,25,18.2,401,22
22,RAIL,ROSA TPP Ph-I,600.0,25,9.6,58,6,*,Data not received
TOTAL OF N.R.,21842.0,24,346.7,3846,11,8,5
WESTERN
CHHATTISGARH
23,RAIL,DSPM TPS,500.0,15,9.7,132,14
24,PITHEAD,KORBA-II,440.0,15,12.3,31,2,*,**,Less Receipt
25,PITHEAD,KORBA-WEST TPS,840.0,15,15.0,429,29
26,PITHEAD,KORBA STPS,2600.0,15,39.3,550,14
27,RAIL,SIPAT STPS,1000.0,20,19.6,602,31
28,RAIL,PATHADI TPP,600.0,15,10.4,500,48
29,RAIL,BHILAI TPS,500.0,25,9.6,277,29
GUJARAT
30,RAIL,GANDHI NAGAR TPS,870.0,30,13.4,83,6,*,Less Receipt
31,RAIL,UKAI TPS,850.0,30,13.6,94,7
32,RAIL,WANAKBORI TPS,1470.0,30,26.8,82,3,*,**,Less Receipt
33,RAIL,SIKKA REP. TPS,240.0,30,4.3,43,10
34,RAIL,SABARMATI (C,400.0,30,6.4,71,11
,STATION)
MADHYA PRADESH
35,PITHEAD,AMARKANTAK EXT TPS,450.0,15,5.5,127,23
36,RAIL,SANJAY GANDHI TPS,1340.0,20,22.9,31,1,*,**,Less import
37,RAIL,SATPURA TPS,1142.5,20,22.5,134,6,*,Less Receipt
38,PITHEAD,VINDHYACHAL STPS,3260.0,15,59.6,479,8
MAHARASHTRA
39,RAIL,BHUSAWAL TPS,470.0,20,9.4,168,18
40,RAIL,CHANDRAPUR(MAHAR,2340.0,20,42.9,400,9
,ASHTRA) STPS
41,RAIL,KHAPARKHEDA TPS- II,840.0,25,18.0,122,7
,Page 2 of2

 REGION/,MODE OF,NAME OF,CAPACITY,NORMA,COAL,ACTUAL STOCK,CRITICAL,REASONS FOR
,STATE,TRANSPORT,THERMAL,(MW),TIVE,REQUIRE,CRITICAL COAL
,POWER,STOCK,MENT,IN,000,IN,COAL STOCK,STOCK
,STATION,Reqd.,IN '000,TONNES,DAYS
,(DAYS),TONNES,<7,<4

42,RAIL,KORADI TPS,1040.0,25,17.0,189,11
43,RAIL,NASIK TPS,880.0,25,15.0,241,16
44,RAIL,PARLI TPS,1170.0,25,17.5,140,8
45,RAIL,PARAS TPS,555.0,25,8.3,163,20
46,RAIL,DAHANU TPS,500.0,25,8.2,49,6,*,Less Receipt - SECL
TOTAL OF W.R.,24297.5,21,427.2,5136,12,6,3
SOUTHERN
ANDHRA PRADESH
47,RAIL,Dr. N.TATA RAO TPS,1760.0,20,27.3,339,12
48,RAIL,KOTHAGUDEM TPS,1220.0,20,23.4,397,17
49,ROAD,RAMAGUNDEM - B TPS,62.5,20,1.1,11,10
50,RAIL,RAYALASEEMA TPS,1050.0,25,15.0,207,14
51,PITHEAD,RAMAGUNDEM STPS,2600.0,15,42.9,480,11
52,RAIL,SIMHADRI,1000.0,25,19.6,32,2,*,**,Less Receipt
53,PITHEAD,KAKATIYA TPS,500.0,15,7.5,135,18
KARNATAKA
54,RAIL,RAICHUR TPS,1720.0,30,27.6,312,11
55,RAIL,BELLARY TPS,500.0,20,10.5,160,15
TAMIL NADU
56,INTER MODAL,ENNORE TPS,450.0,30,6.6,5,1,*,**,Less Receipt
57,INTER MODAL,METTUR TPS,840.0,30,13.4,24,2,*,**,Less Receipt
58,INTER MODAL,NORTH CHENNAI TPS,630.0,30,10.0,43,4,*,Less Receipt
59,INTER MODAL,TUTICORIN TPS,1050.0,30,18.6,54,3,*,**,Less Receipt
TOTAL OF S.R.,13382.5,23,223.5,2197,10,5,4
EASTERN
BIHAR
60,RAIL,BARAUNI TPS,310.0,20,1.1,13,12
61,RAIL,MUZAFFARPUR TPS,220.0,20,2.1,17,8
62,PITHEAD,KAHALGAON TPS,2340.0,15,43.6,0,0,*,**,Coal Transportation
JHARKHAND
63,RAIL,PATRATU TPS,770.0,20,7.1,83,12
64,ROAD,TENUGHAT TPS,420.0,20,6.4,31,5,*,Less Receipt
65,RAIL,BOKARO `B` TPS,630.0,20,10.0,276,28
66,RAIL,CHANDRAPURA(DVC),890.0,20,10.3,238,23
,TPS
ORISSA
67,PITHEAD,IB VALLEY TPS,420.0,15,8.5,65,8
68,PITHEAD,TALCHER (OLD) TPS,470.0,15,10.0,227,23
69,PITHEAD,TALCHER STPS,3000.0,15,65.0,94,1,*,**,Less Receipt
WEST BENGAL
70,RAIL,DURGAPUR TPS,340.0,20,6.1,229,37
71,RAIL,MEJIA TPS,1840.0,20,26.3,47,2,*,**,Higher Trun around
,time
72,RAIL,BAKRESWAR TPS,1050.0,25,16.1,45,3,*,**,Higher Generation
73,RAIL,BANDEL TPS,450.0,20,4.9,25,5,*,Less Receipt
74,RAIL,D.P.L. TPS,690.0,25,9.9,53,5,*,Less Receipt
75,RAIL,KOLAGHAT TPS,1260.0,25,19.6,8,0,*,**,Less Receipt
76,RAIL,SAGARDIGHI TPS,600.0,20,8.4,0,0,*,**,Less import
77,RAIL,SANTALDIH TPS,730.0,20,5.7,25,4,*,Less import
78,RAIL,BUDGE BUDGE TPS,750.0,20,8.3,252,31
79,RAIL,NEW COSSIPORE TPS,160.0,20,1.1,9,9
80,RAIL,SOUTHERN REPL. TPS,135.0,20,2.5,28,11
81,RAIL,TITAGARH TPS,240.0,20,3.6,21,6,*,Less Receipt
82,PITHEAD,FARAKKA STPS,1600.0,15,27.5,56,2,*,**,Coal Transportation
TOTAL OF E.R.,19315.0,18,304.1,1843,6,12,7
ALL INDIA TOTAL,78837.0,21,1302,13022,10,31,19

(*) Critical i.e. stock less than 7 days in,31,TPSs,{Includes super critical also}
(**) Super Critical i.e. stock less than 4 days in,19,TPSs
,CENTRAL ELECTRICITY AUTHORITY
,OPERATION MONITORING DIVISION
,DAILY COAL REPORT
,Figures in 000 tonnes
COAL STOCKS POSITION AT VARIOUS THERMAL POWER STATIONS IN THE COUNTRY ( AS ON 10-Feb-2011 )
,Page 1 of2

,REGION/,MODE OF,NAME OF,CAPACITY,NORMA,COAL,ACTUAL STOCK,CRITICAL,REASONS FOR
,STATE,TRANSPORT,THERMAL,(MW),TIVE,REQUIRE,CRITICAL COAL
,POWER,STOCK,MENT,IN,000,IN,COAL STOCK,STOCK
,STATION,Reqd.,IN '000,TONNES,DAYS
,(DAYS),TONNES,<7,<4

NORTHERN
DELHI
1,RAIL,RAJGHAT TPS,135.0,20,2.7,4,1,*,**,Less Receipt
2,RAIL,BADARPUR TPS,705.0,30,13.6,95,7
HARYANA
3,RAIL,PANIPAT TPS,1360.0,25,19.5,53,3,*,**,No import
4,RAIL,YAMUNA NAGAR TPS,600.0,25,8.9,62,7
5,RAIL,RAJIV GANDHI TPS,1200.0,25,13.3,10,1,*,**,No import
PUNJAB
6,RAIL,GH TPS (LEH.MOH.),920.0,30,11.3,314,28
7,RAIL,ROPAR TPS,1260.0,25,17.9,550,31
8,RAIL,GND TPS(BHATINDA),440.0,30,5.3,132,25
RAJASTHAN
9,RAIL,KOTA TPS,1240.0,30,23.2,27,1,*,**,No import
10,RAIL,SURATGARH TPS,1500.0,30,26.4,60,2,*,**,No import
11,RAIL,CHHABRA TPP,500.0,30,7.1,73,10
UTTAR PRADESH
12,PITHEAD,ANPARA TPS,1630.0,15,26.8,207,8
13,RAIL,HARDUAGANJ TPS,220.0,25,2.9,72,25
14,RAIL,OBRA TPS,1372.0,20,18.6,129,7
15,RAIL,PANKI TPS,210.0,30,3.6,40,11
16,RAIL,PARICHHA TPS,640.0,30,12.9,141,11
17,RAIL,DADRI (NCTPP),1820.0,30,22.1,373,17
18,PITHEAD,RIHAND STPS,2000.0,15,37.1,565,15
19,PITHEAD,SINGRAULI STPS,2000.0,15,37.5,242,6,*,Higher Generation
20,RAIL,TANDA TPS,440.0,25,8.2,235,29
21,RAIL,UNCHAHAR TPS,1050.0,25,18.2,394,22
22,RAIL,ROSA TPP Ph-I,600.0,25,9.6,58,6,*,No import
TOTAL OF N.R.,21842.0,24,346.7,3837,11,7,5
WESTERN
CHHATTISGARH
23,RAIL,DSPM TPS,500.0,15,9.7,125,13
24,PITHEAD,KORBA-II,440.0,15,12.3,32,3,*,**,Less Receipt
25,PITHEAD,KORBA-WEST TPS,840.0,15,15.0,426,28
26,PITHEAD,KORBA STPS,2600.0,15,39.3,541,14
27,RAIL,SIPAT STPS,1000.0,20,19.6,605,31
28,RAIL,PATHADI TPP,600.0,15,10.4,499,48
29,RAIL,BHILAI TPS,500.0,25,9.6,279,29
GUJARAT
30,RAIL,GANDHI NAGAR TPS,870.0,30,13.4,73,5,*,Less Receipt
31,RAIL,UKAI TPS,850.0,30,13.6,89,7
32,RAIL,WANAKBORI TPS,1470.0,30,26.8,76,3,*,**,Less Receipt
33,RAIL,SIKKA REP. TPS,240.0,30,4.3,46,11
34,RAIL,SABARMATI (C,400.0,30,6.4,75,12
,STATION)
MADHYA PRADESH
35,PITHEAD,AMARKANTAK EXT TPS,450.0,15,5.5,127,23
36,RAIL,SANJAY GANDHI TPS,1340.0,20,22.9,31,1,*,**,Less import
37,RAIL,SATPURA TPS,1142.5,20,22.5,134,6,*,Less Receipt
38,PITHEAD,VINDHYACHAL STPS,3260.0,15,59.6,490,8
MAHARASHTRA
39,RAIL,BHUSAWAL TPS,470.0,20,9.4,171,18
40,RAIL,CHANDRAPUR(MAHAR,2340.0,20,42.9,405,9
,ASHTRA) STPS
41,RAIL,KHAPARKHEDA TPS- II,840.0,25,18.0,126,7
,Page 2 of2

 REGION/,MODE OF,NAME OF,CAPACITY,NORMA,COAL,ACTUAL STOCK,CRITICAL,REASONS FOR
,STATE,TRANSPORT,THERMAL,(MW),TIVE,REQUIRE,CRITICAL COAL
,POWER,STOCK,MENT,IN,000,IN,COAL STOCK,STOCK
,STATION,Reqd.,IN '000,TONNES,DAYS
,(DAYS),TONNES,<7,<4

42,RAIL,KORADI TPS,1040.0,25,17.0,190,11
43,RAIL,NASIK TPS,880.0,25,15.0,238,16
44,RAIL,PARLI TPS,1170.0,25,17.5,145,8
45,RAIL,PARAS TPS,555.0,25,8.3,164,20
46,RAIL,DAHANU TPS,500.0,25,8.2,49,6,*,Less Receipt - SECL
TOTAL OF W.R.,24297.5,21,427.2,5137,12,6,3
SOUTHERN
ANDHRA PRADESH
47,RAIL,Dr. N.TATA RAO TPS,1760.0,20,27.3,321,12
48,RAIL,KOTHAGUDEM TPS,1220.0,20,23.4,401,17
49,ROAD,RAMAGUNDEM - B TPS,62.5,20,1.1,11,10
50,RAIL,RAYALASEEMA TPS,1050.0,25,15.0,197,13
51,PITHEAD,RAMAGUNDEM STPS,2600.0,15,42.9,478,11
52,RAIL,SIMHADRI,1000.0,25,19.6,37,2,*,**,Less Receipt
53,PITHEAD,KAKATIYA TPS,500.0,15,7.5,131,17
KARNATAKA
54,RAIL,RAICHUR TPS,1720.0,30,27.6,326,12
55,RAIL,BELLARY TPS,500.0,20,10.5,156,15
TAMIL NADU
56,INTER MODAL,ENNORE TPS,450.0,30,6.6,10,1,*,**,Less Receipt
57,INTER MODAL,METTUR TPS,840.0,30,13.4,17,1,*,**,Less Receipt
58,INTER MODAL,NORTH CHENNAI TPS,630.0,30,10.0,47,5,*,Less Receipt
59,INTER MODAL,TUTICORIN TPS,1050.0,30,18.6,60,3,*,**,Less Receipt
TOTAL OF S.R.,13382.5,23,223.5,2192,10,5,4
EASTERN
BIHAR
60,RAIL,BARAUNI TPS,310.0,20,1.1,11,10
61,RAIL,MUZAFFARPUR TPS,220.0,20,2.1,17,8
62,PITHEAD,KAHALGAON TPS,2340.0,15,43.6,0,0,*,**,Coal Transportation
JHARKHAND
63,RAIL,PATRATU TPS,770.0,20,7.1,89,13
64,ROAD,TENUGHAT TPS,420.0,20,6.4,31,5,*,Less Receipt
65,RAIL,BOKARO `B` TPS,630.0,20,10.0,280,28
66,RAIL,CHANDRAPURA(DVC),890.0,20,10.3,232,22
,TPS
ORISSA
67,PITHEAD,IB VALLEY TPS,420.0,15,8.5,61,7
68,PITHEAD,TALCHER (OLD) TPS,470.0,15,10.0,231,23
69,PITHEAD,TALCHER STPS,3000.0,15,65.0,108,2,*,**,Less Receipt
WEST BENGAL
70,RAIL,DURGAPUR TPS,340.0,20,6.1,232,38
71,RAIL,MEJIA TPS,1840.0,20,26.3,38,1,*,**,Higher Trun around
,time
72,RAIL,BAKRESWAR TPS,1050.0,25,16.1,35,2,*,**,Higher Generation
73,RAIL,BANDEL TPS,450.0,20,4.9,21,4,*,Less Receipt
74,RAIL,D.P.L. TPS,690.0,25,9.9,52,5,*,Less Receipt
75,RAIL,KOLAGHAT TPS,1260.0,25,19.6,10,0,*,**,Less Receipt
76,RAIL,SAGARDIGHI TPS,600.0,20,8.4,3,0,*,**,Less import
77,RAIL,SANTALDIH TPS,730.0,20,5.7,28,5,*,Less import
78,RAIL,BUDGE BUDGE TPS,750.0,20,8.3,253,31
79,RAIL,NEW COSSIPORE TPS,160.0,20,1.1,8,8
80,RAIL,SOUTHERN REPL. TPS,135.0,20,2.5,30,12
81,RAIL,TITAGARH TPS,240.0,20,3.6,25,7
82,PITHEAD,FARAKKA STPS,1600.0,15,27.5,52,2,*,**,Coal Transportation
TOTAL OF E.R.,19315.0,18,304.1,1845,6,11,7
ALL INDIA TOTAL,78837.0,21,1302,13011,10,29,19

(*) Critical i.e. stock less than 7 days in,29,TPSs,{Includes super critical also}
(**) Super Critical i.e. stock less than 4 days in,19,TPSs
,CENTRAL ELECTRICITY AUTHORITY
,OPERATION MONITORING DIVISION
,DAILY COAL REPORT
,Figures in 000 tonnes
COAL STOCKS POSITION AT VARIOUS THERMAL POWER STATIONS IN THE COUNTRY ( AS ON 13-Feb-2011 )
,Page 1 of2

,REGION/,MODE OF,NAME OF,CAPACITY,NORMA,COAL,ACTUAL STOCK,CRITICAL,REASONS FOR
,STATE,TRANSPORT,THERMAL,(MW),TIVE,REQUIRE,CRITICAL COAL
,POWER,STOCK,MENT,IN,000,IN,COAL STOCK,STOCK
,STATION,Reqd.,IN '000,TONNES,DAYS
,(DAYS),TONNES,<7,<4

NORTHERN
DELHI
1,RAIL,RAJGHAT TPS,135.0,20,2.7,14,5,*,Less Receipt
2,RAIL,BADARPUR TPS,705.0,30,13.6,88,6,*,Less Receipt
HARYANA
3,RAIL,PANIPAT TPS,1360.0,25,19.5,56,3,*,**,No import
4,RAIL,YAMUNA NAGAR TPS,600.0,25,8.9,58,6,*,No import
5,RAIL,RAJIV GANDHI TPS,1200.0,25,13.3,10,1,*,**,No import
PUNJAB
6,RAIL,GH TPS (LEH.MOH.),920.0,30,11.3,336,30
7,RAIL,ROPAR TPS,1260.0,25,17.9,517,29
8,RAIL,GND TPS(BHATINDA),440.0,30,5.3,138,26
RAJASTHAN
9,RAIL,KOTA TPS,1240.0,30,23.2,33,1,*,**,No import
10,RAIL,SURATGARH TPS,1500.0,30,26.4,58,2,*,**,No import
11,RAIL,CHHABRA TPP,500.0,30,7.1,105,15
UTTAR PRADESH
12,PITHEAD,ANPARA TPS,1630.0,15,26.8,212,8
13,RAIL,HARDUAGANJ TPS,220.0,25,2.9,72,25
14,RAIL,OBRA TPS,1372.0,20,18.6,127,7
15,RAIL,PANKI TPS,210.0,30,3.6,34,10
16,RAIL,PARICHHA TPS,640.0,30,12.9,138,11
17,RAIL,DADRI (NCTPP),1820.0,30,22.1,382,17
18,PITHEAD,RIHAND STPS,2000.0,15,37.1,569,15
19,PITHEAD,SINGRAULI STPS,2000.0,15,37.5,272,7
20,RAIL,TANDA TPS,440.0,25,8.2,234,28
21,RAIL,UNCHAHAR TPS,1050.0,25,18.2,389,21
22,RAIL,ROSA TPP Ph-I,600.0,25,9.6,51,5,*,No import
TOTAL OF N.R.,21842.0,24,346.7,3893,11,8,4
WESTERN
CHHATTISGARH
23,RAIL,DSPM TPS,500.0,15,9.7,117,12
24,PITHEAD,KORBA-II,440.0,15,12.3,34,3,*,**,Less Receipt
25,PITHEAD,KORBA-WEST TPS,840.0,15,15.0,452,30
26,PITHEAD,KORBA STPS,2600.0,15,39.3,534,14
27,RAIL,SIPAT STPS,1000.0,20,19.6,599,31
28,RAIL,PATHADI TPP,600.0,15,10.4,494,48
29,RAIL,BHILAI TPS,500.0,25,9.6,287,30
GUJARAT
30,RAIL,GANDHI NAGAR TPS,870.0,30,13.4,60,4,*,Less Receipt
31,RAIL,UKAI TPS,850.0,30,13.6,83,6,*,Higher Generation
32,RAIL,WANAKBORI TPS,1470.0,30,26.8,56,2,*,**,Less Receipt
33,RAIL,SIKKA REP. TPS,240.0,30,4.3,42,10
34,RAIL,SABARMATI (C,400.0,30,6.4,76,12
,STATION)
MADHYA PRADESH
35,PITHEAD,AMARKANTAK EXT TPS,450.0,15,5.5,124,23
36,RAIL,SANJAY GANDHI TPS,1340.0,20,22.9,26,1,*,**,Less import
37,RAIL,SATPURA TPS,1142.5,20,22.5,132,6,*,Less Receipt
38,PITHEAD,VINDHYACHAL STPS,3260.0,15,59.6,526,9
MAHARASHTRA
39,RAIL,BHUSAWAL TPS,470.0,20,9.4,189,20
40,RAIL,CHANDRAPUR(MAHAR,2340.0,20,42.9,404,9
,ASHTRA) STPS
41,RAIL,KHAPARKHEDA TPS- II,840.0,25,18.0,132,7
,Page 2 of2

 REGION/,MODE OF,NAME OF,CAPACITY,NORMA,COAL,ACTUAL STOCK,CRITICAL,REASONS FOR
,STATE,TRANSPORT,THERMAL,(MW),TIVE,REQUIRE,CRITICAL COAL
,POWER,STOCK,MENT,IN,000,IN,COAL STOCK,STOCK
,STATION,Reqd.,IN '000,TONNES,DAYS
,(DAYS),TONNES,<7,<4

42,RAIL,KORADI TPS,1040.0,25,17.0,196,11
43,RAIL,NASIK TPS,880.0,25,15.0,234,16
44,RAIL,PARLI TPS,1170.0,25,17.5,131,8
45,RAIL,PARAS TPS,555.0,25,8.3,167,20
46,RAIL,DAHANU TPS,500.0,25,8.2,42,5,*,Less Receipt - SECL
TOTAL OF W.R.,24297.5,21,427.2,5137,12,7,3
SOUTHERN
ANDHRA PRADESH
47,RAIL,Dr. N.TATA RAO TPS,1760.0,20,27.3,316,12
48,RAIL,KOTHAGUDEM TPS,1220.0,20,23.4,404,17
49,ROAD,RAMAGUNDEM - B TPS,62.5,20,1.1,11,10
50,RAIL,RAYALASEEMA TPS,1050.0,25,15.0,187,12
51,PITHEAD,RAMAGUNDEM STPS,2600.0,15,42.9,484,11
52,RAIL,SIMHADRI,1000.0,25,19.6,41,2,*,**,Less Receipt
53,PITHEAD,KAKATIYA TPS,500.0,15,7.5,121,16
KARNATAKA
54,RAIL,RAICHUR TPS,1720.0,30,27.6,350,13
55,RAIL,BELLARY TPS,500.0,20,10.5,152,14
TAMIL NADU
56,INTER MODAL,ENNORE TPS,450.0,30,6.6,13,2,*,**,Less Receipt
57,INTER MODAL,METTUR TPS,840.0,30,13.4,20,2,*,**,Less Receipt
58,INTER MODAL,NORTH CHENNAI TPS,630.0,30,10.0,45,5,*,Less Receipt
59,INTER MODAL,TUTICORIN TPS,1050.0,30,18.6,81,4,*,Less Receipt
TOTAL OF S.R.,13382.5,23,223.5,2225,10,5,3
EASTERN
BIHAR
60,RAIL,BARAUNI TPS,310.0,20,1.1,12,11
61,RAIL,MUZAFFARPUR TPS,220.0,20,2.1,21,10
62,PITHEAD,KAHALGAON TPS,2340.0,15,43.6,12,0,*,**,Coal Transportation
JHARKHAND
63,RAIL,PATRATU TPS,770.0,20,7.1,84,12
64,ROAD,TENUGHAT TPS,420.0,20,6.4,31,5,*,Less Receipt
65,RAIL,BOKARO `B` TPS,630.0,20,10.0,278,28
66,RAIL,CHANDRAPURA(DVC),890.0,20,10.3,95,9
,TPS
ORISSA
67,PITHEAD,IB VALLEY TPS,420.0,15,8.5,59,7
68,PITHEAD,TALCHER (OLD) TPS,470.0,15,10.0,234,23
69,PITHEAD,TALCHER STPS,3000.0,15,65.0,101,2,*,**,Less Receipt
WEST BENGAL
70,RAIL,DURGAPUR TPS,340.0,20,6.1,236,39
71,RAIL,MEJIA TPS,1840.0,20,26.3,41,2,*,**,Higher Trun around
,time
72,RAIL,BAKRESWAR TPS,1050.0,25,16.1,28,2,*,**,Higher Generation
73,RAIL,BANDEL TPS,450.0,20,4.9,24,5,*,Less Receipt
74,RAIL,D.P.L. TPS,690.0,25,9.9,48,5,*,Less Receipt
75,RAIL,KOLAGHAT TPS,1260.0,25,19.6,13,1,*,**,Less Receipt
76,RAIL,SAGARDIGHI TPS,600.0,20,8.4,12,1,*,**,Less import
77,RAIL,SANTALDIH TPS,730.0,20,5.7,24,4,*,Less import
78,RAIL,BUDGE BUDGE TPS,750.0,20,8.3,259,31
79,RAIL,NEW COSSIPORE TPS,160.0,20,1.1,5,5,*,Less Receipt
80,RAIL,SOUTHERN REPL. TPS,135.0,20,2.5,31,12
81,RAIL,TITAGARH TPS,240.0,20,3.6,22,6,*,Less Receipt
82,PITHEAD,FARAKKA STPS,1600.0,15,27.5,56,2,*,**,Coal Transportation
TOTAL OF E.R.,19315.0,18,304.1,1726,6,13,7
ALL INDIA TOTAL,78837.0,21,1302,12981,10,33,17

(*) Critical i.e. stock less than 7 days in,33,TPSs,{Includes super critical also}
(**) Super Critical i.e. stock less than 4 days in,17,TPSs
,CENTRAL ELECTRICITY AUTHORITY
,OPERATION MONITORING DIVISION
,DAILY COAL REPORT
,Figures in 000 tonnes
COAL STOCKS POSITION AT VARIOUS THERMAL POWER STATIONS IN THE COUNTRY ( AS ON 14-Feb-2011 )
,Page 1 of2

,REGION/,MODE OF,NAME OF,CAPACITY,NORMA,COAL,ACTUAL STOCK,CRITICAL,REASONS FOR
,STATE,TRANSPORT,THERMAL,(MW),TIVE,REQUIRE,CRITICAL COAL
,POWER,STOCK,MENT,IN,000,IN,COAL STOCK,STOCK
,STATION,Reqd.,IN '000,TONNES,DAYS
,(DAYS),TONNES,<7,<4

NORTHERN
DELHI
1,RAIL,RAJGHAT TPS,135.0,20,2.7,17,6,*,Less Receipt
2,RAIL,BADARPUR TPS,705.0,30,13.6,86,6,*,Less Receipt
HARYANA
3,RAIL,PANIPAT TPS,1360.0,25,19.5,46,2,*,**,No import
4,RAIL,YAMUNA NAGAR TPS,600.0,25,8.9,56,6,*,No import
5,RAIL,RAJIV GANDHI TPS,1200.0,25,13.3,0,0,*,**,No import
PUNJAB
6,RAIL,GH TPS (LEH.MOH.),920.0,30,11.3,344,31
7,RAIL,ROPAR TPS,1260.0,25,17.9,517,29
8,RAIL,GND TPS(BHATINDA),440.0,30,5.3,142,27
RAJASTHAN
9,RAIL,KOTA TPS,1240.0,30,23.2,33,1,*,**,No import
10,RAIL,SURATGARH TPS,1500.0,30,26.4,50,2,*,**,No import
11,RAIL,CHHABRA TPP,500.0,30,7.1,105,15
UTTAR PRADESH
12,PITHEAD,ANPARA TPS,1630.0,15,26.8,212,8
13,RAIL,HARDUAGANJ TPS,220.0,25,2.9,74,26
14,RAIL,OBRA TPS,1372.0,20,18.6,128,7
15,RAIL,PANKI TPS,210.0,30,3.6,34,9
16,RAIL,PARICHHA TPS,640.0,30,12.9,148,11
17,RAIL,DADRI (NCTPP),1820.0,30,22.1,364,16
18,PITHEAD,RIHAND STPS,2000.0,15,37.1,571,15
19,PITHEAD,SINGRAULI STPS,2000.0,15,37.5,280,7
20,RAIL,TANDA TPS,440.0,25,8.2,229,28
21,RAIL,UNCHAHAR TPS,1050.0,25,18.2,386,21
22,RAIL,ROSA TPP Ph-I,600.0,25,9.6,51,5,*,Data not received
TOTAL OF N.R.,21842.0,24,346.7,3873,11,8,4
WESTERN
CHHATTISGARH
23,RAIL,DSPM TPS,500.0,15,9.7,115,12
24,PITHEAD,KORBA-II,440.0,15,12.3,35,3,*,**,Less Receipt
25,PITHEAD,KORBA-WEST TPS,840.0,15,15.0,458,31
26,PITHEAD,KORBA STPS,2600.0,15,39.3,537,14
27,RAIL,SIPAT STPS,1000.0,20,19.6,588,30
28,RAIL,PATHADI TPP,600.0,15,10.4,495,48
29,RAIL,BHILAI TPS,500.0,25,9.6,289,30
GUJARAT
30,RAIL,GANDHI NAGAR TPS,870.0,30,13.4,60,5,*,Less Receipt
31,RAIL,UKAI TPS,850.0,30,13.6,87,6,*,Higher Generation
32,RAIL,WANAKBORI TPS,1470.0,30,26.8,54,2,*,**,Less Receipt
33,RAIL,SIKKA REP. TPS,240.0,30,4.3,42,10
34,RAIL,SABARMATI (C,400.0,30,6.4,76,12
,STATION)
MADHYA PRADESH
35,PITHEAD,AMARKANTAK EXT TPS,450.0,15,5.5,127,23
36,RAIL,SANJAY GANDHI TPS,1340.0,20,22.9,29,1,*,**,Less import
37,RAIL,SATPURA TPS,1142.5,20,22.5,133,6,*,Less Receipt
38,PITHEAD,VINDHYACHAL STPS,3260.0,15,59.6,543,9
MAHARASHTRA
39,RAIL,BHUSAWAL TPS,470.0,20,9.4,195,21
40,RAIL,CHANDRAPUR(MAHAR,2340.0,20,42.9,404,9
,ASHTRA) STPS
41,RAIL,KHAPARKHEDA TPS- II,840.0,25,18.0,134,7
,Page 2 of2

 REGION/,MODE OF,NAME OF,CAPACITY,NORMA,COAL,ACTUAL STOCK,CRITICAL,REASONS FOR
,STATE,TRANSPORT,THERMAL,(MW),TIVE,REQUIRE,CRITICAL COAL
,POWER,STOCK,MENT,IN,000,IN,COAL STOCK,STOCK
,STATION,Reqd.,IN '000,TONNES,DAYS
,(DAYS),TONNES,<7,<4

42,RAIL,KORADI TPS,1040.0,25,17.0,203,12
43,RAIL,NASIK TPS,880.0,25,15.0,237,16
44,RAIL,PARLI TPS,1170.0,25,17.5,138,8
45,RAIL,PARAS TPS,555.0,25,8.3,168,20
46,RAIL,DAHANU TPS,500.0,25,8.2,41,5,*,Less Receipt - SECL
TOTAL OF W.R.,24297.5,21,427.2,5188,12,7,3
SOUTHERN
ANDHRA PRADESH
47,RAIL,Dr. N.TATA RAO TPS,1760.0,20,27.3,315,12
48,RAIL,KOTHAGUDEM TPS,1220.0,20,23.4,408,17
49,ROAD,RAMAGUNDEM - B TPS,62.5,20,1.1,11,10
50,RAIL,RAYALASEEMA TPS,1050.0,25,15.0,185,12
51,PITHEAD,RAMAGUNDEM STPS,2600.0,15,42.9,482,11
52,RAIL,SIMHADRI,1000.0,25,19.6,37,2,*,**,Less Receipt
53,PITHEAD,KAKATIYA TPS,500.0,15,7.5,120,16
KARNATAKA
54,RAIL,RAICHUR TPS,1720.0,30,27.6,347,13
55,RAIL,BELLARY TPS,500.0,20,10.5,149,14
TAMIL NADU
56,INTER MODAL,ENNORE TPS,450.0,30,6.6,14,2,*,**,Less Receipt
57,INTER MODAL,METTUR TPS,840.0,30,13.4,20,2,*,**,Less Receipt
58,INTER MODAL,NORTH CHENNAI TPS,630.0,30,10.0,53,5,*,Less Receipt
59,INTER MODAL,TUTICORIN TPS,1050.0,30,18.6,89,5,*,Less Receipt
TOTAL OF S.R.,13382.5,23,223.5,2229,10,5,3
EASTERN
BIHAR
60,RAIL,BARAUNI TPS,310.0,20,1.1,11,10
61,RAIL,MUZAFFARPUR TPS,220.0,20,2.1,21,10
62,PITHEAD,KAHALGAON TPS,2340.0,15,43.6,13,0,*,**,Coal Transportation
JHARKHAND
63,RAIL,PATRATU TPS,770.0,20,7.1,84,12
64,ROAD,TENUGHAT TPS,420.0,20,6.4,42,7
65,RAIL,BOKARO `B` TPS,630.0,20,10.0,275,28
66,RAIL,CHANDRAPURA(DVC),890.0,20,10.3,92,9
,TPS
ORISSA
67,PITHEAD,IB VALLEY TPS,420.0,15,8.5,59,7,Receipt regulated
68,PITHEAD,TALCHER (OLD) TPS,470.0,15,10.0,233,23
69,PITHEAD,TALCHER STPS,3000.0,15,65.0,93,1,*,**,Less Receipt
WEST BENGAL
70,RAIL,DURGAPUR TPS,340.0,20,6.1,205,34
71,RAIL,MEJIA TPS,1840.0,20,26.3,36,1,*,**,Higher Trun around
,time
72,RAIL,BAKRESWAR TPS,1050.0,25,16.1,28,2,*,**,Higher Generation
73,RAIL,BANDEL TPS,450.0,20,4.9,24,5,*,Less Receipt
74,RAIL,D.P.L. TPS,690.0,25,9.9,54,5,*,Less Receipt
75,RAIL,KOLAGHAT TPS,1260.0,25,19.6,13,1,*,**,Less Receipt
76,RAIL,SAGARDIGHI TPS,600.0,20,8.4,12,1,*,**,Less import
77,RAIL,SANTALDIH TPS,730.0,20,5.7,24,4,*,Less import
78,RAIL,BUDGE BUDGE TPS,750.0,20,8.3,256,31
79,RAIL,NEW COSSIPORE TPS,160.0,20,1.1,8,7
80,RAIL,SOUTHERN REPL. TPS,135.0,20,2.5,29,12
81,RAIL,TITAGARH TPS,240.0,20,3.6,25,7
82,PITHEAD,FARAKKA STPS,1600.0,15,27.5,63,2,*,**,Coal Transportation
TOTAL OF E.R.,19315.0,18,304.1,1698,6,10,7
ALL INDIA TOTAL,78837.0,21,1302,12988,10,30,17

(*) Critical i.e. stock less than 7 days in,30,TPSs,{Includes super critical also}
(**) Super Critical i.e. stock less than 4 days in,17,TPSs
,CENTRAL ELECTRICITY AUTHORITY
,OPERATION MONITORING DIVISION
,DAILY COAL REPORT
,Figures in 000 tonnes
COAL STOCKS POSITION AT VARIOUS THERMAL POWER STATIONS IN THE COUNTRY ( AS ON 16-Feb-2011 )
,Page 1 of2

,REGION/,MODE OF,NAME OF,CAPACITY,NORMA,COAL,ACTUAL STOCK,CRITICAL,REASONS FOR
,STATE,TRANSPORT,THERMAL,(MW),TIVE,REQUIRE,CRITICAL COAL
,POWER,STOCK,MENT,IN,000,IN,COAL STOCK,STOCK
,STATION,Reqd.,IN '000,TONNES,DAYS
,(DAYS),TONNES,<7,<4

NORTHERN
DELHI
1,RAIL,RAJGHAT TPS,135.0,20,2.7,18,7
2,RAIL,BADARPUR TPS,705.0,30,13.6,85,6,*,Less Receipt
HARYANA
3,RAIL,PANIPAT TPS,1360.0,25,19.5,56,3,*,**,No import
4,RAIL,YAMUNA NAGAR TPS,600.0,25,8.9,47,5,*,No import
5,RAIL,RAJIV GANDHI TPS,1200.0,25,13.3,0,0,*,**,No import
PUNJAB
6,RAIL,GH TPS (LEH.MOH.),920.0,30,11.3,348,31
7,RAIL,ROPAR TPS,1260.0,25,17.9,508,28
8,RAIL,GND TPS(BHATINDA),440.0,30,5.3,147,28
RAJASTHAN
9,RAIL,KOTA TPS,1240.0,30,23.2,35,1,*,**,No import
10,RAIL,SURATGARH TPS,1500.0,30,26.4,62,2,*,**,No import
11,RAIL,CHHABRA TPP,500.0,30,7.1,105,15
UTTAR PRADESH
12,PITHEAD,ANPARA TPS,1630.0,15,26.8,218,8
13,RAIL,HARDUAGANJ TPS,220.0,25,2.9,71,25
14,RAIL,OBRA TPS,1372.0,20,18.6,125,7
15,RAIL,PANKI TPS,210.0,30,3.6,43,12
16,RAIL,PARICHHA TPS,640.0,30,12.9,150,12
17,RAIL,DADRI (NCTPP),1820.0,30,22.1,350,16
18,PITHEAD,RIHAND STPS,2000.0,15,37.1,566,15
19,PITHEAD,SINGRAULI STPS,2000.0,15,37.5,314,8
20,RAIL,TANDA TPS,440.0,25,8.2,233,28
21,RAIL,UNCHAHAR TPS,1050.0,25,18.2,390,21
22,RAIL,ROSA TPP Ph-I,600.0,25,9.6,53,5,*,No import
TOTAL OF N.R.,21842.0,24,346.7,3923,11,7,4
WESTERN
CHHATTISGARH
23,RAIL,DSPM TPS,500.0,15,9.7,107,11
24,PITHEAD,KORBA-II,440.0,15,12.3,36,3,*,**,Less Receipt
25,PITHEAD,KORBA-WEST TPS,840.0,15,15.0,465,31
26,PITHEAD,KORBA STPS,2600.0,15,39.3,539,14
27,RAIL,SIPAT STPS,1000.0,20,19.6,574,29
28,RAIL,PATHADI TPP,600.0,15,10.4,496,48
29,RAIL,BHILAI TPS,500.0,25,9.6,283,29
GUJARAT
30,RAIL,GANDHI NAGAR TPS,870.0,30,13.4,52,4,*,Less Receipt
31,RAIL,UKAI TPS,850.0,30,13.6,78,6,*,Higher Generation
32,RAIL,WANAKBORI TPS,1470.0,30,26.8,55,2,*,**,Less Receipt
33,RAIL,SIKKA REP. TPS,240.0,30,4.3,42,10
34,RAIL,SABARMATI (C,400.0,30,6.4,76,12
,STATION)
MADHYA PRADESH
35,PITHEAD,AMARKANTAK EXT TPS,450.0,15,5.5,127,23
36,RAIL,SANJAY GANDHI TPS,1340.0,20,22.9,32,1,*,**,Less import
37,RAIL,SATPURA TPS,1142.5,20,22.5,133,6,*,Less Receipt
38,PITHEAD,VINDHYACHAL STPS,3260.0,15,59.6,560,9
MAHARASHTRA
39,RAIL,BHUSAWAL TPS,470.0,20,9.4,204,22
40,RAIL,CHANDRAPUR(MAHAR,2340.0,20,42.9,408,10
,ASHTRA) STPS
41,RAIL,KHAPARKHEDA TPS- II,840.0,25,18.0,139,8
,Page 2 of2

 REGION/,MODE OF,NAME OF,CAPACITY,NORMA,COAL,ACTUAL STOCK,CRITICAL,REASONS FOR
,STATE,TRANSPORT,THERMAL,(MW),TIVE,REQUIRE,CRITICAL COAL
,POWER,STOCK,MENT,IN,000,IN,COAL STOCK,STOCK
,STATION,Reqd.,IN '000,TONNES,DAYS
,(DAYS),TONNES,<7,<4

42,RAIL,KORADI TPS,1040.0,25,17.0,202,12
43,RAIL,NASIK TPS,880.0,25,15.0,239,16
44,RAIL,PARLI TPS,1170.0,25,17.5,134,8
45,RAIL,PARAS TPS,555.0,25,8.3,163,20
46,RAIL,DAHANU TPS,500.0,25,8.2,37,4,*,Less Receipt - SECL
TOTAL OF W.R.,24297.5,21,427.2,5183,12,7,3
SOUTHERN
ANDHRA PRADESH
47,RAIL,Dr. N.TATA RAO TPS,1760.0,20,27.3,313,11
48,RAIL,KOTHAGUDEM TPS,1220.0,20,23.4,409,18
49,ROAD,RAMAGUNDEM - B TPS,62.5,20,1.1,10,9
50,RAIL,RAYALASEEMA TPS,1050.0,25,15.0,186,12
51,PITHEAD,RAMAGUNDEM STPS,2600.0,15,42.9,484,11
52,RAIL,SIMHADRI,1000.0,25,19.6,43,2,*,**,Less Receipt
53,PITHEAD,KAKATIYA TPS,500.0,15,7.5,116,16
KARNATAKA
54,RAIL,RAICHUR TPS,1720.0,30,27.6,354,13
55,RAIL,BELLARY TPS,500.0,20,10.5,142,14
TAMIL NADU
56,INTER MODAL,ENNORE TPS,450.0,30,6.6,11,2,*,**,Less Receipt
57,INTER MODAL,METTUR TPS,840.0,30,13.4,27,2,*,**,Less Receipt
58,INTER MODAL,NORTH CHENNAI TPS,630.0,30,10.0,61,6,*,Less Receipt
59,INTER MODAL,TUTICORIN TPS,1050.0,30,18.6,85,5,*,Less Receipt
TOTAL OF S.R.,13382.5,23,223.5,2242,10,5,3
EASTERN
BIHAR
60,RAIL,BARAUNI TPS,310.0,20,1.1,12,11
61,RAIL,MUZAFFARPUR TPS,220.0,20,2.1,21,10
62,PITHEAD,KAHALGAON TPS,2340.0,15,43.6,11,0,*,**,Coal Transportation
JHARKHAND
63,RAIL,PATRATU TPS,770.0,20,7.1,85,12
64,ROAD,TENUGHAT TPS,420.0,20,6.4,43,7
65,RAIL,BOKARO `B` TPS,630.0,20,10.0,279,28
66,RAIL,CHANDRAPURA(DVC),890.0,20,10.3,83,8
,TPS
ORISSA
67,PITHEAD,IB VALLEY TPS,420.0,15,8.5,58,7
68,PITHEAD,TALCHER (OLD) TPS,470.0,15,10.0,235,24
69,PITHEAD,TALCHER STPS,3000.0,15,65.0,87,1,*,**,Less Receipt
WEST BENGAL
70,RAIL,DURGAPUR TPS,340.0,20,6.1,205,34
71,RAIL,MEJIA TPS,1840.0,20,26.3,35,1,*,**,Higher Trun around
,time
72,RAIL,BAKRESWAR TPS,1050.0,25,16.1,13,1,*,**,Higher Generation
73,RAIL,BANDEL TPS,450.0,20,4.9,29,6,*,Less Receipt
74,RAIL,D.P.L. TPS,690.0,25,9.9,64,6,*,Less Receipt
75,RAIL,KOLAGHAT TPS,1260.0,25,19.6,19,1,*,**,Less Receipt
76,RAIL,SAGARDIGHI TPS,600.0,20,8.4,21,3,*,**,Less import
77,RAIL,SANTALDIH TPS,730.0,20,5.7,32,6,*,Less import
78,RAIL,BUDGE BUDGE TPS,750.0,20,8.3,247,30
79,RAIL,NEW COSSIPORE TPS,160.0,20,1.1,6,5,*,Less Receipt
80,RAIL,SOUTHERN REPL. TPS,135.0,20,2.5,33,13
81,RAIL,TITAGARH TPS,240.0,20,3.6,22,6,*,Less Receipt
82,PITHEAD,FARAKKA STPS,1600.0,15,27.5,62,2,*,**,Coal Transportation
TOTAL OF E.R.,19315.0,18,304.1,1700,6,12,7
ALL INDIA TOTAL,78837.0,21,1302,13048,10,31,17

(*) Critical i.e. stock less than 7 days in,31,TPSs,{Includes super critical also}
(**) Super Critical i.e. stock less than 4 days in,17,TPSs
,CENTRAL ELECTRICITY AUTHORITY
,OPERATION MONITORING DIVISION
,DAILY COAL REPORT
,Figures in 000 tonnes
COAL STOCKS POSITION AT VARIOUS THERMAL POWER STATIONS IN THE COUNTRY ( AS ON 17-Feb-2011 )
,Page 1 of2

,REGION/,MODE OF,NAME OF,CAPACITY,NORMA,COAL,ACTUAL STOCK,CRITICAL,REASONS FOR
,STATE,TRANSPORT,THERMAL,(MW),TIVE,REQUIRE,CRITICAL COAL
,POWER,STOCK,MENT,IN,000,IN,COAL STOCK,STOCK
,STATION,Reqd.,IN '000,TONNES,DAYS
,(DAYS),TONNES,<7,<4

NORTHERN
DELHI
1,RAIL,RAJGHAT TPS,135.0,20,2.7,21,8
2,RAIL,BADARPUR TPS,705.0,30,13.6,76,6,*,Less Receipt
HARYANA
3,RAIL,PANIPAT TPS,1360.0,25,19.5,56,3,*,**,No import
4,RAIL,YAMUNA NAGAR TPS,600.0,25,8.9,47,5,*,No import
5,RAIL,RAJIV GANDHI TPS,1200.0,25,13.3,0,0,*,**,No import
PUNJAB
6,RAIL,GH TPS (LEH.MOH.),920.0,30,11.3,348,31
7,RAIL,ROPAR TPS,1260.0,25,17.9,508,28
8,RAIL,GND TPS(BHATINDA),440.0,30,5.3,147,28
RAJASTHAN
9,RAIL,KOTA TPS,1240.0,30,23.2,41,2,*,**,No import
10,RAIL,SURATGARH TPS,1500.0,30,26.4,69,3,*,**,No import
11,RAIL,CHHABRA TPP,500.0,30,7.1,109,15
UTTAR PRADESH
12,PITHEAD,ANPARA TPS,1630.0,15,26.8,218,8
13,RAIL,HARDUAGANJ TPS,220.0,25,2.9,71,25
14,RAIL,OBRA TPS,1372.0,20,18.6,125,7
15,RAIL,PANKI TPS,210.0,30,3.6,43,12
16,RAIL,PARICHHA TPS,640.0,30,12.9,150,12
17,RAIL,DADRI (NCTPP),1820.0,30,22.1,346,16
18,PITHEAD,RIHAND STPS,2000.0,15,37.1,572,15
19,PITHEAD,SINGRAULI STPS,2000.0,15,37.5,320,9
20,RAIL,TANDA TPS,440.0,25,8.2,232,28
21,RAIL,UNCHAHAR TPS,1050.0,25,18.2,391,21
22,RAIL,ROSA TPP Ph-I,600.0,25,9.6,56,6,*,No import
TOTAL OF N.R.,21842.0,24,346.7,3946,11,7,4
WESTERN
CHHATTISGARH
23,RAIL,DSPM TPS,500.0,15,9.7,105,11
24,PITHEAD,KORBA-II,440.0,15,12.3,34,3,*,**,Less Receipt
25,PITHEAD,KORBA-WEST TPS,840.0,15,15.0,469,31
26,PITHEAD,KORBA STPS,2600.0,15,39.3,543,14
27,RAIL,SIPAT STPS,1000.0,20,19.6,565,29
28,RAIL,PATHADI TPP,600.0,15,10.4,502,48
29,RAIL,BHILAI TPS,500.0,25,9.6,281,29
GUJARAT
30,RAIL,GANDHI NAGAR TPS,870.0,30,13.4,51,4,*,Less Receipt
31,RAIL,UKAI TPS,850.0,30,13.6,78,6,*,Higher Generation
32,RAIL,WANAKBORI TPS,1470.0,30,26.8,57,2,*,**,Less Receipt
33,RAIL,SIKKA REP. TPS,240.0,30,4.3,39,9
34,RAIL,SABARMATI (C,400.0,30,6.4,62,10
,STATION)
MADHYA PRADESH
35,PITHEAD,AMARKANTAK EXT TPS,450.0,15,5.5,131,24
36,RAIL,SANJAY GANDHI TPS,1340.0,20,22.9,34,1,*,**,Less import
37,RAIL,SATPURA TPS,1142.5,20,22.5,128,6,*,Less Receipt
38,PITHEAD,VINDHYACHAL STPS,3260.0,15,59.6,558,9
MAHARASHTRA
39,RAIL,BHUSAWAL TPS,470.0,20,9.4,210,22
40,RAIL,CHANDRAPUR(MAHAR,2340.0,20,42.9,428,10
,ASHTRA) STPS
41,RAIL,KHAPARKHEDA TPS- II,840.0,25,18.0,136,8
,Page 2 of2

 REGION/,MODE OF,NAME OF,CAPACITY,NORMA,COAL,ACTUAL STOCK,CRITICAL,REASONS FOR
,STATE,TRANSPORT,THERMAL,(MW),TIVE,REQUIRE,CRITICAL COAL
,POWER,STOCK,MENT,IN,000,IN,COAL STOCK,STOCK
,STATION,Reqd.,IN '000,TONNES,DAYS
,(DAYS),TONNES,<7,<4

42,RAIL,KORADI TPS,1040.0,25,17.0,199,12
43,RAIL,NASIK TPS,880.0,25,15.0,234,16
44,RAIL,PARLI TPS,1170.0,25,17.5,129,7
45,RAIL,PARAS TPS,555.0,25,8.3,163,20
46,RAIL,DAHANU TPS,500.0,25,8.2,38,5,*,Less Receipt - SECL
TOTAL OF W.R.,24297.5,21,427.2,5174,12,7,3
SOUTHERN
ANDHRA PRADESH
47,RAIL,Dr. N.TATA RAO TPS,1760.0,20,27.3,319,12
48,RAIL,KOTHAGUDEM TPS,1220.0,20,23.4,409,18
49,ROAD,RAMAGUNDEM - B TPS,62.5,20,1.1,10,9
50,RAIL,RAYALASEEMA TPS,1050.0,25,15.0,179,12
51,PITHEAD,RAMAGUNDEM STPS,2600.0,15,42.9,482,11
52,RAIL,SIMHADRI,1000.0,25,19.6,42,2,*,**,Less Receipt
53,PITHEAD,KAKATIYA TPS,500.0,15,7.5,114,15
KARNATAKA
54,RAIL,RAICHUR TPS,1720.0,30,27.6,358,13
55,RAIL,BELLARY TPS,500.0,20,10.5,142,13
TAMIL NADU
56,INTER MODAL,ENNORE TPS,450.0,30,6.6,9,1,*,**,Less Receipt
57,INTER MODAL,METTUR TPS,840.0,30,13.4,29,2,*,**,Less Receipt
58,INTER MODAL,NORTH CHENNAI TPS,630.0,30,10.0,51,5,*,Less Receipt
59,INTER MODAL,TUTICORIN TPS,1050.0,30,18.6,100,5,*,Less Receipt
TOTAL OF S.R.,13382.5,23,223.5,2244,10,5,3
EASTERN
BIHAR
60,RAIL,BARAUNI TPS,310.0,20,1.1,10,10
61,RAIL,MUZAFFARPUR TPS,220.0,20,2.1,24,11
62,PITHEAD,KAHALGAON TPS,2340.0,15,43.6,10,0,*,**,Coal Transportation
JHARKHAND
63,RAIL,PATRATU TPS,770.0,20,7.1,87,12
64,ROAD,TENUGHAT TPS,420.0,20,6.4,43,7
65,RAIL,BOKARO `B` TPS,630.0,20,10.0,284,28
66,RAIL,CHANDRAPURA(DVC),890.0,20,10.3,77,8
,TPS
ORISSA
67,PITHEAD,IB VALLEY TPS,420.0,15,8.5,59,7
68,PITHEAD,TALCHER (OLD) TPS,470.0,15,10.0,233,23
69,PITHEAD,TALCHER STPS,3000.0,15,65.0,72,1,*,**,Less Receipt
WEST BENGAL
70,RAIL,DURGAPUR TPS,340.0,20,6.1,211,34
71,RAIL,MEJIA TPS,1840.0,20,26.3,28,1,*,**,Higher Trun around
,time
72,RAIL,BAKRESWAR TPS,1050.0,25,16.1,14,1,*,**,Higher Generation
73,RAIL,BANDEL TPS,450.0,20,4.9,33,7
74,RAIL,D.P.L. TPS,690.0,25,9.9,68,7
75,RAIL,KOLAGHAT TPS,1260.0,25,19.6,20,1,*,**,Less Receipt
76,RAIL,SAGARDIGHI TPS,600.0,20,8.4,23,3,*,**,Less import
77,RAIL,SANTALDIH TPS,730.0,20,5.7,37,6,*,Less import
78,RAIL,BUDGE BUDGE TPS,750.0,20,8.3,240,29
79,RAIL,NEW COSSIPORE TPS,160.0,20,1.1,5,4,*,Less Receipt
80,RAIL,SOUTHERN REPL. TPS,135.0,20,2.5,35,14
81,RAIL,TITAGARH TPS,240.0,20,3.6,23,6,*,Less Receipt
82,PITHEAD,FARAKKA STPS,1600.0,15,27.5,60,2,*,**,Coal Transportation
TOTAL OF E.R.,19315.0,18,304.1,1694,6,10,7
ALL INDIA TOTAL,78837.0,21,1302,13058,10,29,17

(*) Critical i.e. stock less than 7 days in,29,TPSs,{Includes super critical also}
(**) Super Critical i.e. stock less than 4 days in,17,TPSs
,CENTRAL ELECTRICITY AUTHORITY
,OPERATION MONITORING DIVISION
,DAILY COAL REPORT
,Figures in 000 tonnes
COAL STOCKS POSITION AT VARIOUS THERMAL POWER STATIONS IN THE COUNTRY ( AS ON 20-Feb-2011 )
,Page 1 of2

,REGION/,MODE OF,NAME OF,CAPACITY,NORMA,COAL,ACTUAL STOCK,CRITICAL,REASONS FOR
,STATE,TRANSPORT,THERMAL,(MW),TIVE,REQUIRE,CRITICAL COAL
,POWER,STOCK,MENT,IN,000,IN,COAL STOCK,STOCK
,STATION,Reqd.,IN '000,TONNES,DAYS
,(DAYS),TONNES,<7,<4

NORTHERN
DELHI
1,RAIL,RAJGHAT TPS,135.0,20,2.7,24,9
2,RAIL,BADARPUR TPS,705.0,30,13.6,78,6,*,Less Receipt
HARYANA
3,RAIL,PANIPAT TPS,1360.0,25,19.5,56,3,*,**,No import
4,RAIL,YAMUNA NAGAR TPS,600.0,25,8.9,37,4,*,No import
5,RAIL,RAJIV GANDHI TPS,1200.0,25,13.3,0,0,*,**,No import
PUNJAB
6,RAIL,GH TPS (LEH.MOH.),920.0,30,11.3,364,32
7,RAIL,ROPAR TPS,1260.0,25,17.9,517,29
8,RAIL,GND TPS(BHATINDA),440.0,30,5.3,144,27
RAJASTHAN
9,RAIL,KOTA TPS,1240.0,30,23.2,35,2,*,**,No import
10,RAIL,SURATGARH TPS,1500.0,30,26.4,83,3,*,**,No import
11,RAIL,CHHABRA TPP,500.0,30,7.1,120,17
UTTAR PRADESH
12,PITHEAD,ANPARA TPS,1630.0,15,26.8,229,9
13,RAIL,HARDUAGANJ TPS,220.0,25,2.9,95,33
14,RAIL,OBRA TPS,1372.0,20,18.6,133,7
15,RAIL,PANKI TPS,210.0,30,3.6,50,14
16,RAIL,PARICHHA TPS,640.0,30,12.9,152,12
17,RAIL,DADRI (NCTPP),1820.0,30,22.1,339,15
18,PITHEAD,RIHAND STPS,2000.0,15,37.1,580,16
19,PITHEAD,SINGRAULI STPS,2000.0,15,37.5,360,10
20,RAIL,TANDA TPS,440.0,25,8.2,230,28
21,RAIL,UNCHAHAR TPS,1050.0,25,18.2,376,21
22,RAIL,ROSA TPP Ph-I,600.0,25,9.6,71,7
TOTAL OF N.R.,21842.0,24,346.7,4073,12,6,4
WESTERN
CHHATTISGARH
23,RAIL,DSPM TPS,500.0,15,9.7,97,10
24,PITHEAD,KORBA-II,440.0,15,12.3,33,3,*,**,Less Receipt
25,PITHEAD,KORBA-WEST TPS,840.0,15,15.0,477,32
26,PITHEAD,KORBA STPS,2600.0,15,39.3,568,14
27,RAIL,SIPAT STPS,1000.0,20,19.6,559,28
28,RAIL,PATHADI TPP,600.0,15,10.4,501,48
29,RAIL,BHILAI TPS,500.0,25,9.6,275,28
GUJARAT
30,RAIL,GANDHI NAGAR TPS,870.0,30,13.4,47,4,*,Less Receipt
31,RAIL,UKAI TPS,850.0,30,13.6,62,5,*,Higher Generation
32,RAIL,WANAKBORI TPS,1470.0,30,26.8,30,1,*,**,Less Receipt
33,RAIL,SIKKA REP. TPS,240.0,30,4.3,47,11
34,RAIL,SABARMATI (C,400.0,30,6.4,55,9
,STATION)
MADHYA PRADESH
35,PITHEAD,AMARKANTAK EXT TPS,450.0,15,5.5,127,23
36,RAIL,SANJAY GANDHI TPS,1340.0,20,22.9,27,1,*,**,Less import
37,RAIL,SATPURA TPS,1142.5,20,22.5,130,6,*,Less Receipt
38,PITHEAD,VINDHYACHAL STPS,3260.0,15,59.6,590,10
MAHARASHTRA
39,RAIL,BHUSAWAL TPS,470.0,20,9.4,220,23
40,RAIL,CHANDRAPUR(MAHAR,2340.0,20,42.9,467,11
,ASHTRA) STPS
41,RAIL,KHAPARKHEDA TPS- II,840.0,25,18.0,131,7
,Page 2 of2

 REGION/,MODE OF,NAME OF,CAPACITY,NORMA,COAL,ACTUAL STOCK,CRITICAL,REASONS FOR
,STATE,TRANSPORT,THERMAL,(MW),TIVE,REQUIRE,CRITICAL COAL
,POWER,STOCK,MENT,IN,000,IN,COAL STOCK,STOCK
,STATION,Reqd.,IN '000,TONNES,DAYS
,(DAYS),TONNES,<7,<4

42,RAIL,KORADI TPS,1040.0,25,17.0,197,12
43,RAIL,NASIK TPS,880.0,25,15.0,238,16
44,RAIL,PARLI TPS,1170.0,25,17.5,121,7
45,RAIL,PARAS TPS,555.0,25,8.3,155,19
46,RAIL,DAHANU TPS,500.0,25,8.2,30,4,*,Less Receipt - SECL
TOTAL OF W.R.,24297.5,21,427.2,5182,12,7,3
SOUTHERN
ANDHRA PRADESH
47,RAIL,Dr. N.TATA RAO TPS,1760.0,20,27.3,295,11
48,RAIL,KOTHAGUDEM TPS,1220.0,20,23.4,413,18
49,ROAD,RAMAGUNDEM - B TPS,62.5,20,1.1,8,8
50,RAIL,RAYALASEEMA TPS,1050.0,25,15.0,166,11
51,PITHEAD,RAMAGUNDEM STPS,2600.0,15,42.9,481,11
52,RAIL,SIMHADRI,1000.0,25,19.6,56,3,*,**,Less Receipt
53,PITHEAD,KAKATIYA TPS,500.0,15,7.5,114,15
KARNATAKA
54,RAIL,RAICHUR TPS,1720.0,30,27.6,359,13
55,RAIL,BELLARY TPS,500.0,20,10.5,137,13
TAMIL NADU
56,INTER MODAL,ENNORE TPS,450.0,30,6.6,7,1,*,**,Less Receipt
57,INTER MODAL,METTUR TPS,840.0,30,13.4,28,2,*,**,Less Receipt
58,INTER MODAL,NORTH CHENNAI TPS,630.0,30,10.0,28,3,*,**,Less Receipt
59,INTER MODAL,TUTICORIN TPS,1050.0,30,18.6,59,3,*,**,Less Receipt
TOTAL OF S.R.,13382.5,23,223.5,2152,10,5,5
EASTERN
BIHAR
60,RAIL,BARAUNI TPS,310.0,20,1.1,15,14
61,RAIL,MUZAFFARPUR TPS,220.0,20,2.1,24,11
62,PITHEAD,KAHALGAON TPS,2340.0,15,43.6,0,0,*,**,Coal Transportation
JHARKHAND
63,RAIL,PATRATU TPS,770.0,20,7.1,96,14
64,ROAD,TENUGHAT TPS,420.0,20,6.4,43,7
65,RAIL,BOKARO `B` TPS,630.0,20,10.0,294,29
66,RAIL,CHANDRAPURA(DVC),890.0,20,10.3,69,7
,TPS
ORISSA
67,PITHEAD,IB VALLEY TPS,420.0,15,8.5,58,7
68,PITHEAD,TALCHER (OLD) TPS,470.0,15,10.0,210,21
69,PITHEAD,TALCHER STPS,3000.0,15,65.0,19,0,*,**,Less Receipt
WEST BENGAL
70,RAIL,DURGAPUR TPS,340.0,20,6.1,209,34
71,RAIL,MEJIA TPS,1840.0,20,26.3,30,1,*,**,Higher Trun around
,time
72,RAIL,BAKRESWAR TPS,1050.0,25,16.1,10,1,*,**,Higher Generation
73,RAIL,BANDEL TPS,450.0,20,4.9,42,9
74,RAIL,D.P.L. TPS,690.0,25,9.9,81,8
75,RAIL,KOLAGHAT TPS,1260.0,25,19.6,32,2,*,**,Less Receipt
76,RAIL,SAGARDIGHI TPS,600.0,20,8.4,25,3,*,**,Less import
77,RAIL,SANTALDIH TPS,730.0,20,5.7,45,8
78,RAIL,BUDGE BUDGE TPS,750.0,20,8.3,226,27
79,RAIL,NEW COSSIPORE TPS,160.0,20,1.1,2,2,*,**,Less Receipt
80,RAIL,SOUTHERN REPL. TPS,135.0,20,2.5,36,14
81,RAIL,TITAGARH TPS,240.0,20,3.6,21,6,*,Less Receipt
82,PITHEAD,FARAKKA STPS,1600.0,15,27.5,62,2,*,**,Coal Transportation
TOTAL OF E.R.,19315.0,18,304.1,1650,5,9,8
ALL INDIA TOTAL,78837.0,21,1302,13057,10,27,20

(*) Critical i.e. stock less than 7 days in,27,TPSs,{Includes super critical also}
(**) Super Critical i.e. stock less than 4 days in,20,TPSs
,CENTRAL ELECTRICITY AUTHORITY
,OPERATION MONITORING DIVISION
,DAILY COAL REPORT
,Figures in 000 tonnes
COAL STOCKS POSITION AT VARIOUS THERMAL POWER STATIONS IN THE COUNTRY ( AS ON 21-Feb-2011 )
,Page 1 of2

,REGION/,MODE OF,NAME OF,CAPACITY,NORMA,COAL,ACTUAL STOCK,CRITICAL,REASONS FOR
,STATE,TRANSPORT,THERMAL,(MW),TIVE,REQUIRE,CRITICAL COAL
,POWER,STOCK,MENT,IN,000,IN,COAL STOCK,STOCK
,STATION,Reqd.,IN '000,TONNES,DAYS
,(DAYS),TONNES,<7,<4

NORTHERN
DELHI
1,RAIL,RAJGHAT TPS,135.0,20,2.7,24,9
2,RAIL,BADARPUR TPS,705.0,30,13.6,69,5,*,Less Receipt
HARYANA
3,RAIL,PANIPAT TPS,1360.0,25,19.5,57,3,*,**,No import
4,RAIL,YAMUNA NAGAR TPS,600.0,25,8.9,32,4,*,No import
5,RAIL,RAJIV GANDHI TPS,1200.0,25,13.3,0,0,*,**,No import
PUNJAB
6,RAIL,GH TPS (LEH.MOH.),920.0,30,11.3,364,32
7,RAIL,ROPAR TPS,1260.0,25,17.9,517,29
8,RAIL,GND TPS(BHATINDA),440.0,30,5.3,143,27
RAJASTHAN
9,RAIL,KOTA TPS,1240.0,30,23.2,31,1,*,**,No import
10,RAIL,SURATGARH TPS,1500.0,30,26.4,86,3,*,**,No import
11,RAIL,CHHABRA TPP,500.0,30,7.1,120,17
UTTAR PRADESH
12,PITHEAD,ANPARA TPS,1630.0,15,26.8,230,9
13,RAIL,HARDUAGANJ TPS,220.0,25,2.9,77,27
14,RAIL,OBRA TPS,1372.0,20,18.6,127,7
15,RAIL,PANKI TPS,210.0,30,3.6,46,13
16,RAIL,PARICHHA TPS,640.0,30,12.9,149,12
17,RAIL,DADRI (NCTPP),1820.0,30,22.1,326,15
18,PITHEAD,RIHAND STPS,2000.0,15,37.1,580,16
19,PITHEAD,SINGRAULI STPS,2000.0,15,37.5,380,10
20,RAIL,TANDA TPS,440.0,25,8.2,229,28
21,RAIL,UNCHAHAR TPS,1050.0,25,18.2,385,21
22,RAIL,ROSA TPP Ph-I,600.0,25,9.6,74,8
TOTAL OF N.R.,21842.0,24,346.7,4044,12,6,4
WESTERN
CHHATTISGARH
23,RAIL,DSPM TPS,500.0,15,9.7,99,10
24,PITHEAD,KORBA-II,440.0,15,12.3,32,3,*,**,Less Receipt
25,PITHEAD,KORBA-WEST TPS,840.0,15,15.0,482,32
26,PITHEAD,KORBA STPS,2600.0,15,39.3,569,14
27,RAIL,SIPAT STPS,1000.0,20,19.6,560,28
28,RAIL,PATHADI TPP,600.0,15,10.4,505,49
29,RAIL,BHILAI TPS,500.0,25,9.6,270,28
GUJARAT
30,RAIL,GANDHI NAGAR TPS,870.0,30,13.4,49,4,*,Less Receipt
31,RAIL,UKAI TPS,850.0,30,13.6,54,4,*,Higher Generation
32,RAIL,WANAKBORI TPS,1470.0,30,26.8,30,1,*,**,Less Receipt
33,RAIL,SIKKA REP. TPS,240.0,30,4.3,44,10
34,RAIL,SABARMATI (C,400.0,30,6.4,55,9
,STATION)
MADHYA PRADESH
35,PITHEAD,AMARKANTAK EXT TPS,450.0,15,5.5,127,23
36,RAIL,SANJAY GANDHI TPS,1340.0,20,22.9,27,1,*,**,Less import
37,RAIL,SATPURA TPS,1142.5,20,22.5,130,6,*,Less Receipt
38,PITHEAD,VINDHYACHAL STPS,3260.0,15,59.6,597,10
MAHARASHTRA
39,RAIL,BHUSAWAL TPS,470.0,20,9.4,216,23
40,RAIL,CHANDRAPUR(MAHAR,2340.0,20,42.9,460,11
,ASHTRA) STPS
41,RAIL,KHAPARKHEDA TPS- II,840.0,25,18.0,133,7
,Page 2 of2

 REGION/,MODE OF,NAME OF,CAPACITY,NORMA,COAL,ACTUAL STOCK,CRITICAL,REASONS FOR
,STATE,TRANSPORT,THERMAL,(MW),TIVE,REQUIRE,CRITICAL COAL
,POWER,STOCK,MENT,IN,000,IN,COAL STOCK,STOCK
,STATION,Reqd.,IN '000,TONNES,DAYS
,(DAYS),TONNES,<7,<4

42,RAIL,KORADI TPS,1040.0,25,17.0,200,12
43,RAIL,NASIK TPS,880.0,25,15.0,237,16
44,RAIL,PARLI TPS,1170.0,25,17.5,120,7
45,RAIL,PARAS TPS,555.0,25,8.3,152,18
46,RAIL,DAHANU TPS,500.0,25,8.2,31,4,*,Less Receipt - SECL
TOTAL OF W.R.,24297.5,21,427.2,5178,12,7,3
SOUTHERN
ANDHRA PRADESH
47,RAIL,Dr. N.TATA RAO TPS,1760.0,20,27.3,289,11
48,RAIL,KOTHAGUDEM TPS,1220.0,20,23.4,415,18
49,ROAD,RAMAGUNDEM - B TPS,62.5,20,1.1,8,8
50,RAIL,RAYALASEEMA TPS,1050.0,25,15.0,165,11
51,PITHEAD,RAMAGUNDEM STPS,2600.0,15,42.9,477,11
52,RAIL,SIMHADRI,1000.0,25,19.6,50,3,*,**,Less Receipt
53,PITHEAD,KAKATIYA TPS,500.0,15,7.5,113,15
KARNATAKA
54,RAIL,RAICHUR TPS,1720.0,30,27.6,357,13
55,RAIL,BELLARY TPS,500.0,20,10.5,133,13
TAMIL NADU
56,INTER MODAL,ENNORE TPS,450.0,30,6.6,10,2,*,**,Less Receipt
57,INTER MODAL,METTUR TPS,840.0,30,13.4,32,2,*,**,Less Receipt
58,INTER MODAL,NORTH CHENNAI TPS,630.0,30,10.0,40,4,*,Less Receipt
59,INTER MODAL,TUTICORIN TPS,1050.0,30,18.6,101,5,*,Less Receipt
TOTAL OF S.R.,13382.5,23,223.5,2192,10,5,3
EASTERN
BIHAR
60,RAIL,BARAUNI TPS,310.0,20,1.1,15,14
61,RAIL,MUZAFFARPUR TPS,220.0,20,2.1,24,11
62,PITHEAD,KAHALGAON TPS,2340.0,15,43.6,0,0,*,**,Coal Transportation
JHARKHAND
63,RAIL,PATRATU TPS,770.0,20,7.1,98,14
64,ROAD,TENUGHAT TPS,420.0,20,6.4,43,7
65,RAIL,BOKARO `B` TPS,630.0,20,10.0,295,29
66,RAIL,CHANDRAPURA(DVC),890.0,20,10.3,63,6,*,Less Receipt
,TPS
ORISSA
67,PITHEAD,IB VALLEY TPS,420.0,15,8.5,56,7
68,PITHEAD,TALCHER (OLD) TPS,470.0,15,10.0,202,20
69,PITHEAD,TALCHER STPS,3000.0,15,65.0,19,0,*,**,Less Receipt
WEST BENGAL
70,RAIL,DURGAPUR TPS,340.0,20,6.1,207,34
71,RAIL,MEJIA TPS,1840.0,20,26.3,34,1,*,**,Higher Trun around
,time
72,RAIL,BAKRESWAR TPS,1050.0,25,16.1,7,0,*,**,Higher Generation
73,RAIL,BANDEL TPS,450.0,20,4.9,43,9
74,RAIL,D.P.L. TPS,690.0,25,9.9,81,8
75,RAIL,KOLAGHAT TPS,1260.0,25,19.6,31,2,*,**,Less Receipt
76,RAIL,SAGARDIGHI TPS,600.0,20,8.4,25,3,*,**,Less import
77,RAIL,SANTALDIH TPS,730.0,20,5.7,52,9
78,RAIL,BUDGE BUDGE TPS,750.0,20,8.3,232,28
79,RAIL,NEW COSSIPORE TPS,160.0,20,1.1,4,4,*,Less Receipt
80,RAIL,SOUTHERN REPL. TPS,135.0,20,2.5,34,13
81,RAIL,TITAGARH TPS,240.0,20,3.6,21,6,*,Less Receipt
82,PITHEAD,FARAKKA STPS,1600.0,15,27.5,65,2,*,**,Coal Transportation
TOTAL OF E.R.,19315.0,18,304.1,1650,5,10,7
ALL INDIA TOTAL,78837.0,21,1302,13063,10,28,17

(*) Critical i.e. stock less than 7 days in,28,TPSs,{Includes super critical also}
(**) Super Critical i.e. stock less than 4 days in,17,TPSs
,CENTRAL ELECTRICITY AUTHORITY
,OPERATION MONITORING DIVISION
,DAILY COAL REPORT
,Figures in 000 tonnes
COAL STOCKS POSITION AT VARIOUS THERMAL POWER STATIONS IN THE COUNTRY ( AS ON 22-Feb-2011 )
,Page 1 of2

,REGION/,MODE OF,NAME OF,CAPACITY,NORMA,COAL,ACTUAL STOCK,CRITICAL,REASONS FOR
,STATE,TRANSPORT,THERMAL,(MW),TIVE,REQUIRE,CRITICAL COAL
,POWER,STOCK,MENT,IN,000,IN,COAL STOCK,STOCK
,STATION,Reqd.,IN '000,TONNES,DAYS
,(DAYS),TONNES,<7,<4

NORTHERN
DELHI
1,RAIL,RAJGHAT TPS,135.0,20,2.7,26,10
2,RAIL,BADARPUR TPS,705.0,30,13.6,59,4,*,Less Receipt
HARYANA
3,RAIL,PANIPAT TPS,1360.0,25,19.5,55,3,*,**,No import
4,RAIL,YAMUNA NAGAR TPS,600.0,25,8.9,33,4,*,No import
5,RAIL,RAJIV GANDHI TPS,1200.0,25,13.3,0,0,*,**,No import
PUNJAB
6,RAIL,GH TPS (LEH.MOH.),920.0,30,11.3,360,32
7,RAIL,ROPAR TPS,1260.0,25,17.9,530,30
8,RAIL,GND TPS(BHATINDA),440.0,30,5.3,145,27
RAJASTHAN
9,RAIL,KOTA TPS,1240.0,30,23.2,31,1,*,**,No import
10,RAIL,SURATGARH TPS,1500.0,30,26.4,88,3,*,**,No import
11,RAIL,CHHABRA TPP,500.0,30,7.1,128,18
UTTAR PRADESH
12,PITHEAD,ANPARA TPS,1630.0,15,26.8,235,9
13,RAIL,HARDUAGANJ TPS,220.0,25,2.9,74,26
14,RAIL,OBRA TPS,1372.0,20,18.6,129,7
15,RAIL,PANKI TPS,210.0,30,3.6,46,13
16,RAIL,PARICHHA TPS,640.0,30,12.9,159,12
17,RAIL,DADRI (NCTPP),1820.0,30,22.1,325,15
18,PITHEAD,RIHAND STPS,2000.0,15,37.1,581,16
19,PITHEAD,SINGRAULI STPS,2000.0,15,37.5,381,10
20,RAIL,TANDA TPS,440.0,25,8.2,227,28
21,RAIL,UNCHAHAR TPS,1050.0,25,18.2,379,21
22,RAIL,ROSA TPP Ph-I,600.0,25,9.6,77,8
TOTAL OF N.R.,21842.0,24,346.7,4070,12,6,4
WESTERN
CHHATTISGARH
23,RAIL,DSPM TPS,500.0,15,9.7,97,10
24,PITHEAD,KORBA-II,440.0,15,12.3,33,3,*,**,Less Receipt
25,PITHEAD,KORBA-WEST TPS,840.0,15,15.0,487,32
26,PITHEAD,KORBA STPS,2600.0,15,39.3,570,15
27,RAIL,SIPAT STPS,1000.0,20,19.6,559,28
28,RAIL,PATHADI TPP,600.0,15,10.4,505,49
29,RAIL,BHILAI TPS,500.0,25,9.6,272,28
GUJARAT
30,RAIL,GANDHI NAGAR TPS,870.0,30,13.4,54,4,*,Less Receipt
31,RAIL,UKAI TPS,850.0,30,13.6,54,4,*,Higher Generation
32,RAIL,WANAKBORI TPS,1470.0,30,26.8,43,2,*,**,Less Receipt
33,RAIL,SIKKA REP. TPS,240.0,30,4.3,44,10
34,RAIL,SABARMATI (C,400.0,30,6.4,55,9
,STATION)
MADHYA PRADESH
35,PITHEAD,AMARKANTAK EXT TPS,450.0,15,5.5,131,24
36,RAIL,SANJAY GANDHI TPS,1340.0,20,22.9,24,1,*,**,Less import
37,RAIL,SATPURA TPS,1142.5,20,22.5,128,6,*,Less Receipt
38,PITHEAD,VINDHYACHAL STPS,3260.0,15,59.6,611,10
MAHARASHTRA
39,RAIL,BHUSAWAL TPS,470.0,20,9.4,219,23
40,RAIL,CHANDRAPUR(MAHAR,2340.0,20,42.9,466,11
,ASHTRA) STPS
41,RAIL,KHAPARKHEDA TPS- II,840.0,25,18.0,134,7
,Page 2 of2

 REGION/,MODE OF,NAME OF,CAPACITY,NORMA,COAL,ACTUAL STOCK,CRITICAL,REASONS FOR
,STATE,TRANSPORT,THERMAL,(MW),TIVE,REQUIRE,CRITICAL COAL
,POWER,STOCK,MENT,IN,000,IN,COAL STOCK,STOCK
,STATION,Reqd.,IN '000,TONNES,DAYS
,(DAYS),TONNES,<7,<4

42,RAIL,KORADI TPS,1040.0,25,17.0,202,12
43,RAIL,NASIK TPS,880.0,25,15.0,233,16
44,RAIL,PARLI TPS,1170.0,25,17.5,120,7
45,RAIL,PARAS TPS,555.0,25,8.3,150,18
46,RAIL,DAHANU TPS,500.0,25,8.2,33,4,*,Less Receipt - SECL
TOTAL OF W.R.,24297.5,21,427.2,5224,12,7,3
SOUTHERN
ANDHRA PRADESH
47,RAIL,Dr. N.TATA RAO TPS,1760.0,20,27.3,284,10
48,RAIL,KOTHAGUDEM TPS,1220.0,20,23.4,400,17
49,ROAD,RAMAGUNDEM - B TPS,62.5,20,1.1,7,7
50,RAIL,RAYALASEEMA TPS,1050.0,25,15.0,168,11
51,PITHEAD,RAMAGUNDEM STPS,2600.0,15,42.9,451,11
52,RAIL,SIMHADRI,1000.0,25,19.6,46,2,*,**,Less Receipt
53,PITHEAD,KAKATIYA TPS,500.0,15,7.5,111,15
KARNATAKA
54,RAIL,RAICHUR TPS,1720.0,30,27.6,345,13
55,RAIL,BELLARY TPS,500.0,20,10.5,133,13
TAMIL NADU
56,INTER MODAL,ENNORE TPS,450.0,30,6.6,12,2,*,**,Less Receipt
57,INTER MODAL,METTUR TPS,840.0,30,13.4,44,3,*,**,Less Receipt
58,INTER MODAL,NORTH CHENNAI TPS,630.0,30,10.0,58,6,*,Less Receipt
59,INTER MODAL,TUTICORIN TPS,1050.0,30,18.6,96,5,*,Less Receipt
TOTAL OF S.R.,13382.5,23,223.5,2156,10,5,3
EASTERN
BIHAR
60,RAIL,BARAUNI TPS,310.0,20,1.1,13,12
61,RAIL,MUZAFFARPUR TPS,220.0,20,2.1,24,11
62,PITHEAD,KAHALGAON TPS,2340.0,15,43.6,4,0,*,**,Coal Transportation
JHARKHAND
63,RAIL,PATRATU TPS,770.0,20,7.1,100,14
64,ROAD,TENUGHAT TPS,420.0,20,6.4,43,7
65,RAIL,BOKARO `B` TPS,630.0,20,10.0,296,30
66,RAIL,CHANDRAPURA(DVC),890.0,20,10.3,63,6,*,Less Receipt
,TPS
ORISSA
67,PITHEAD,IB VALLEY TPS,420.0,15,8.5,54,6,*,Less Receipt
68,PITHEAD,TALCHER (OLD) TPS,470.0,15,10.0,201,20
69,PITHEAD,TALCHER STPS,3000.0,15,65.0,21,0,*,**,Less Receipt
WEST BENGAL
70,RAIL,DURGAPUR TPS,340.0,20,6.1,212,35
71,RAIL,MEJIA TPS,1840.0,20,26.3,38,1,*,**,Higher Trun around
,time
72,RAIL,BAKRESWAR TPS,1050.0,25,16.1,0,0,*,**,Higher Generation
73,RAIL,BANDEL TPS,450.0,20,4.9,44,9
74,RAIL,D.P.L. TPS,690.0,25,9.9,87,9
75,RAIL,KOLAGHAT TPS,1260.0,25,19.6,32,2,*,**,Less Receipt
76,RAIL,SAGARDIGHI TPS,600.0,20,8.4,20,2,*,**,Less import
77,RAIL,SANTALDIH TPS,730.0,20,5.7,52,9
78,RAIL,BUDGE BUDGE TPS,750.0,20,8.3,237,29
79,RAIL,NEW COSSIPORE TPS,160.0,20,1.1,3,3,*,**,Less Receipt
80,RAIL,SOUTHERN REPL. TPS,135.0,20,2.5,32,13
81,RAIL,TITAGARH TPS,240.0,20,3.6,18,5,*,Less Receipt
82,PITHEAD,FARAKKA STPS,1600.0,15,27.5,64,2,*,**,Coal Transportation
TOTAL OF E.R.,19315.0,18,304.1,1657,5,11,8
ALL INDIA TOTAL,78837.0,21,1302,13107,10,29,18

(*) Critical i.e. stock less than 7 days in,29,TPSs,{Includes super critical also}
(**) Super Critical i.e. stock less than 4 days in,18,TPSs
,CENTRAL ELECTRICITY AUTHORITY
,OPERATION MONITORING DIVISION
,DAILY COAL REPORT
,Figures in 000 tonnes
COAL STOCKS POSITION AT VARIOUS THERMAL POWER STATIONS IN THE COUNTRY ( AS ON 23-Feb-2011 )
,Page 1 of2

,REGION/,MODE OF,NAME OF,CAPACITY,NORMA,COAL,ACTUAL STOCK,CRITICAL,REASONS FOR
,STATE,TRANSPORT,THERMAL,(MW),TIVE,REQUIRE,CRITICAL COAL
,POWER,STOCK,MENT,IN,000,IN,COAL STOCK,STOCK
,STATION,Reqd.,IN '000,TONNES,DAYS
,(DAYS),TONNES,<7,<4

NORTHERN
DELHI
1,RAIL,RAJGHAT TPS,135.0,20,2.7,25,9
2,RAIL,BADARPUR TPS,705.0,30,13.6,68,5,*,Less Receipt
HARYANA
3,RAIL,PANIPAT TPS,1360.0,25,19.5,54,3,*,**,No import
4,RAIL,YAMUNA NAGAR TPS,600.0,25,8.9,29,3,*,**,No import
5,RAIL,RAJIV GANDHI TPS,1200.0,25,13.3,0,0,*,**,No import
PUNJAB
6,RAIL,GH TPS (LEH.MOH.),920.0,30,11.3,368,33
7,RAIL,ROPAR TPS,1260.0,25,17.9,531,30
8,RAIL,GND TPS(BHATINDA),440.0,30,5.3,144,27
RAJASTHAN
9,RAIL,KOTA TPS,1240.0,30,23.2,25,1,*,**,No import
10,RAIL,SURATGARH TPS,1500.0,30,26.4,87,3,*,**,No import
11,RAIL,CHHABRA TPP,500.0,30,7.1,131,18
UTTAR PRADESH
12,PITHEAD,ANPARA TPS,1630.0,15,26.8,239,9
13,RAIL,HARDUAGANJ TPS,220.0,25,2.9,76,26
14,RAIL,OBRA TPS,1372.0,20,18.6,128,7
15,RAIL,PANKI TPS,210.0,30,3.6,47,13
16,RAIL,PARICHHA TPS,640.0,30,12.9,163,13
17,RAIL,DADRI (NCTPP),1820.0,30,22.1,303,14
18,PITHEAD,RIHAND STPS,2000.0,15,37.1,580,16
19,PITHEAD,SINGRAULI STPS,2000.0,15,37.5,392,10
20,RAIL,TANDA TPS,440.0,25,8.2,225,27
21,RAIL,UNCHAHAR TPS,1050.0,25,18.2,376,21
22,RAIL,ROSA TPP Ph-I,600.0,25,9.6,81,8
TOTAL OF N.R.,21842.0,24,346.7,4072,12,6,5
WESTERN
CHHATTISGARH
23,RAIL,DSPM TPS,500.0,15,9.7,96,10
24,PITHEAD,KORBA-II,440.0,15,12.3,33,3,*,**,Less Receipt
25,PITHEAD,KORBA-WEST TPS,840.0,15,15.0,490,33
26,PITHEAD,KORBA STPS,2600.0,15,39.3,573,15
27,RAIL,SIPAT STPS,1000.0,20,19.6,554,28
28,RAIL,PATHADI TPP,600.0,15,10.4,509,49
29,RAIL,BHILAI TPS,500.0,25,9.6,270,28
GUJARAT
30,RAIL,GANDHI NAGAR TPS,870.0,30,13.4,55,4,*,Less Receipt
31,RAIL,UKAI TPS,850.0,30,13.6,45,3,*,**,Higher Generation
32,RAIL,WANAKBORI TPS,1470.0,30,26.8,55,2,*,**,Less Receipt
33,RAIL,SIKKA REP. TPS,240.0,30,4.3,44,10
34,RAIL,SABARMATI (C,400.0,30,6.4,46,7
,STATION)
MADHYA PRADESH
35,PITHEAD,AMARKANTAK EXT TPS,450.0,15,5.5,133,24
36,RAIL,SANJAY GANDHI TPS,1340.0,20,22.9,27,1,*,**,Less import
37,RAIL,SATPURA TPS,1142.5,20,22.5,128,6,*,Less Receipt
38,PITHEAD,VINDHYACHAL STPS,3260.0,15,59.6,618,10
MAHARASHTRA
39,RAIL,BHUSAWAL TPS,470.0,20,9.4,221,24
40,RAIL,CHANDRAPUR(MAHAR,2340.0,20,42.9,472,11
,ASHTRA) STPS
41,RAIL,KHAPARKHEDA TPS- II,840.0,25,18.0,130,7
,Page 2 of2

 REGION/,MODE OF,NAME OF,CAPACITY,NORMA,COAL,ACTUAL STOCK,CRITICAL,REASONS FOR
,STATE,TRANSPORT,THERMAL,(MW),TIVE,REQUIRE,CRITICAL COAL
,POWER,STOCK,MENT,IN,000,IN,COAL STOCK,STOCK
,STATION,Reqd.,IN '000,TONNES,DAYS
,(DAYS),TONNES,<7,<4

42,RAIL,KORADI TPS,1040.0,25,17.0,199,12
43,RAIL,NASIK TPS,880.0,25,15.0,234,16
44,RAIL,PARLI TPS,1170.0,25,17.5,120,7
45,RAIL,PARAS TPS,555.0,25,8.3,150,18
46,RAIL,DAHANU TPS,500.0,25,8.2,32,4,*,Less Receipt - SECL
TOTAL OF W.R.,24297.5,21,427.2,5233,12,7,4
SOUTHERN
ANDHRA PRADESH
47,RAIL,Dr. N.TATA RAO TPS,1760.0,20,27.3,278,10
48,RAIL,KOTHAGUDEM TPS,1220.0,20,23.4,379,16
49,ROAD,RAMAGUNDEM - B TPS,62.5,20,1.1,6,6,*,Less Receipt
50,RAIL,RAYALASEEMA TPS,1050.0,25,15.0,166,11
51,PITHEAD,RAMAGUNDEM STPS,2600.0,15,42.9,412,10
52,RAIL,SIMHADRI,1000.0,25,19.6,42,2,*,**,Less Receipt
53,PITHEAD,KAKATIYA TPS,500.0,15,7.5,106,14
KARNATAKA
54,RAIL,RAICHUR TPS,1720.0,30,27.6,345,13
55,RAIL,BELLARY TPS,500.0,20,10.5,126,12
TAMIL NADU
56,INTER MODAL,ENNORE TPS,450.0,30,6.6,10,1,*,**,Less Receipt
57,INTER MODAL,METTUR TPS,840.0,30,13.4,49,4,*,Less Receipt
58,INTER MODAL,NORTH CHENNAI TPS,630.0,30,10.0,51,5,*,Less Receipt
59,INTER MODAL,TUTICORIN TPS,1050.0,30,18.6,93,5,*,Less Receipt
TOTAL OF S.R.,13382.5,23,223.5,2063,9,6,2
EASTERN
BIHAR
60,RAIL,BARAUNI TPS,310.0,20,1.1,12,11
61,RAIL,MUZAFFARPUR TPS,220.0,20,2.1,24,11
62,PITHEAD,KAHALGAON TPS,2340.0,15,43.6,5,0,*,**,Coal Transportation
JHARKHAND
63,RAIL,PATRATU TPS,770.0,20,7.1,98,14
64,ROAD,TENUGHAT TPS,420.0,20,6.4,44,7
65,RAIL,BOKARO `B` TPS,630.0,20,10.0,298,30
66,RAIL,CHANDRAPURA(DVC),890.0,20,10.3,57,6,*,Less Receipt
,TPS
ORISSA
67,PITHEAD,IB VALLEY TPS,420.0,15,8.5,54,6,*,Less Receipt
68,PITHEAD,TALCHER (OLD) TPS,470.0,15,10.0,197,20
69,PITHEAD,TALCHER STPS,3000.0,15,65.0,46,1,*,**,Less Receipt
WEST BENGAL
70,RAIL,DURGAPUR TPS,340.0,20,6.1,210,34
71,RAIL,MEJIA TPS,1840.0,20,26.3,33,1,*,**,Higher Trun around
,time
72,RAIL,BAKRESWAR TPS,1050.0,25,16.1,0,0,*,**,Higher Generation
73,RAIL,BANDEL TPS,450.0,20,4.9,44,9
74,RAIL,D.P.L. TPS,690.0,25,9.9,82,8
75,RAIL,KOLAGHAT TPS,1260.0,25,19.6,35,2,*,**,Linkage < Demand
76,RAIL,SAGARDIGHI TPS,600.0,20,8.4,18,2,*,**,Less import
77,RAIL,SANTALDIH TPS,730.0,20,5.7,55,10
78,RAIL,BUDGE BUDGE TPS,750.0,20,8.3,234,28
79,RAIL,NEW COSSIPORE TPS,160.0,20,1.1,2,2,*,**,Less Receipt
80,RAIL,SOUTHERN REPL. TPS,135.0,20,2.5,30,12
81,RAIL,TITAGARH TPS,240.0,20,3.6,18,5,*,Less Receipt
82,PITHEAD,FARAKKA STPS,1600.0,15,27.5,66,2,*,**,Coal Transportation
TOTAL OF E.R.,19315.0,18,304.1,1663,5,11,8
ALL INDIA TOTAL,78837.0,21,1302,13031,10,30,19

(*) Critical i.e. stock less than 7 days in,30,TPSs,{Includes super critical also}
(**) Super Critical i.e. stock less than 4 days in,19,TPSs
,CENTRAL ELECTRICITY AUTHORITY
,OPERATION MONITORING DIVISION
,DAILY COAL REPORT
,Figures in 000 tonnes
COAL STOCKS POSITION AT VARIOUS THERMAL POWER STATIONS IN THE COUNTRY ( AS ON 24-Feb-2011 )
,Page 1 of2

,REGION/,MODE OF,NAME OF,CAPACITY,NORMA,COAL,ACTUAL STOCK,CRITICAL,REASONS FOR
,STATE,TRANSPORT,THERMAL,(MW),TIVE,REQUIRE,CRITICAL COAL
,POWER,STOCK,MENT,IN,000,IN,COAL STOCK,STOCK
,STATION,Reqd.,IN '000,TONNES,DAYS
,(DAYS),TONNES,<7,<4

NORTHERN
DELHI
1,RAIL,RAJGHAT TPS,135.0,20,2.7,24,9
2,RAIL,BADARPUR TPS,705.0,30,13.6,63,5,*,Less Receipt
HARYANA
3,RAIL,PANIPAT TPS,1360.0,25,19.5,53,3,*,**,No import
4,RAIL,YAMUNA NAGAR TPS,600.0,25,8.9,26,3,*,**,No import
5,RAIL,RAJIV GANDHI TPS,1200.0,25,13.3,0,0,*,**,No import
PUNJAB
6,RAIL,GH TPS (LEH.MOH.),920.0,30,11.3,371,33
7,RAIL,ROPAR TPS,1260.0,25,17.9,522,29
8,RAIL,GND TPS(BHATINDA),440.0,30,5.3,142,27
RAJASTHAN
9,RAIL,KOTA TPS,1240.0,30,23.2,24,1,*,**,No import
10,RAIL,SURATGARH TPS,1500.0,30,26.4,93,4,*,No import
11,RAIL,CHHABRA TPP,500.0,30,7.1,131,18
UTTAR PRADESH
12,PITHEAD,ANPARA TPS,1630.0,15,26.8,236,9
13,RAIL,HARDUAGANJ TPS,220.0,25,2.9,75,26
14,RAIL,OBRA TPS,1372.0,20,18.6,127,7
15,RAIL,PANKI TPS,210.0,30,3.6,46,13
16,RAIL,PARICHHA TPS,640.0,30,12.9,168,13
17,RAIL,DADRI (NCTPP),1820.0,30,22.1,298,14
18,PITHEAD,RIHAND STPS,2000.0,15,37.1,581,16
19,PITHEAD,SINGRAULI STPS,2000.0,15,37.5,407,11
20,RAIL,TANDA TPS,440.0,25,8.2,227,28
21,RAIL,UNCHAHAR TPS,1050.0,25,18.2,383,21
22,RAIL,ROSA TPP Ph-I,600.0,25,9.6,82,8
TOTAL OF N.R.,21842.0,24,346.7,4080,12,6,4
WESTERN
CHHATTISGARH
23,RAIL,DSPM TPS,500.0,15,9.7,98,10
24,PITHEAD,KORBA-II,440.0,15,12.3,33,3,*,**,Less Receipt
25,PITHEAD,KORBA-WEST TPS,840.0,15,15.0,494,33
26,PITHEAD,KORBA STPS,2600.0,15,39.3,575,15
27,RAIL,SIPAT STPS,1000.0,20,19.6,553,28
28,RAIL,PATHADI TPP,600.0,15,10.4,510,49
29,RAIL,BHILAI TPS,500.0,25,9.6,265,27
GUJARAT
30,RAIL,GANDHI NAGAR TPS,870.0,30,13.4,61,5,*,Less Receipt
31,RAIL,UKAI TPS,850.0,30,13.6,43,3,*,**,Higher Generation
32,RAIL,WANAKBORI TPS,1470.0,30,26.8,60,2,*,**,Less Receipt
33,RAIL,SIKKA REP. TPS,240.0,30,4.3,40,9
34,RAIL,SABARMATI (C,400.0,30,6.4,46,7
,STATION)
MADHYA PRADESH
35,PITHEAD,AMARKANTAK EXT TPS,450.0,15,5.5,133,24
36,RAIL,SANJAY GANDHI TPS,1340.0,20,22.9,26,1,*,**,Less import
37,RAIL,SATPURA TPS,1142.5,20,22.5,133,6,*,Less Receipt
38,PITHEAD,VINDHYACHAL STPS,3260.0,15,59.6,631,11
MAHARASHTRA
39,RAIL,BHUSAWAL TPS,470.0,20,9.4,216,23
40,RAIL,CHANDRAPUR(MAHAR,2340.0,20,42.9,474,11
,ASHTRA) STPS
41,RAIL,KHAPARKHEDA TPS- II,840.0,25,18.0,127,7
,Page 2 of2

 REGION/,MODE OF,NAME OF,CAPACITY,NORMA,COAL,ACTUAL STOCK,CRITICAL,REASONS FOR
,STATE,TRANSPORT,THERMAL,(MW),TIVE,REQUIRE,CRITICAL COAL
,POWER,STOCK,MENT,IN,000,IN,COAL STOCK,STOCK
,STATION,Reqd.,IN '000,TONNES,DAYS
,(DAYS),TONNES,<7,<4

42,RAIL,KORADI TPS,1040.0,25,17.0,202,12
43,RAIL,NASIK TPS,880.0,25,15.0,240,16
44,RAIL,PARLI TPS,1170.0,25,17.5,121,7
45,RAIL,PARAS TPS,555.0,25,8.3,151,18
46,RAIL,DAHANU TPS,500.0,25,8.2,32,4,*,Less Receipt - SECL
TOTAL OF W.R.,24297.5,21,427.2,5260,12,7,4
SOUTHERN
ANDHRA PRADESH
47,RAIL,Dr. N.TATA RAO TPS,1760.0,20,27.3,261,10
48,RAIL,KOTHAGUDEM TPS,1220.0,20,23.4,367,16
49,ROAD,RAMAGUNDEM - B TPS,62.5,20,1.1,6,6,*,Less Receipt
50,RAIL,RAYALASEEMA TPS,1050.0,25,15.0,159,11
51,PITHEAD,RAMAGUNDEM STPS,2600.0,15,42.9,402,9
52,RAIL,SIMHADRI,1000.0,25,19.6,38,2,*,**,Less Receipt
53,PITHEAD,KAKATIYA TPS,500.0,15,7.5,103,14
KARNATAKA
54,RAIL,RAICHUR TPS,1720.0,30,27.6,355,13
55,RAIL,BELLARY TPS,500.0,20,10.5,129,12
TAMIL NADU
56,INTER MODAL,ENNORE TPS,450.0,30,6.6,12,2,*,**,Less Receipt
57,INTER MODAL,METTUR TPS,840.0,30,13.4,49,4,*,Less Receipt
58,INTER MODAL,NORTH CHENNAI TPS,630.0,30,10.0,57,6,*,Less Receipt
59,INTER MODAL,TUTICORIN TPS,1050.0,30,18.6,86,5,*,Less Receipt
TOTAL OF S.R.,13382.5,23,223.5,2024,9,6,2
EASTERN
BIHAR
60,RAIL,BARAUNI TPS,310.0,20,1.1,11,10
61,RAIL,MUZAFFARPUR TPS,220.0,20,2.1,24,11
62,PITHEAD,KAHALGAON TPS,2340.0,15,43.6,3,0,*,**,Coal Transportation
JHARKHAND
63,RAIL,PATRATU TPS,770.0,20,7.1,98,14
64,ROAD,TENUGHAT TPS,420.0,20,6.4,44,7
65,RAIL,BOKARO `B` TPS,630.0,20,10.0,299,30
66,RAIL,CHANDRAPURA(DVC),890.0,20,10.3,54,5,*,Less Receipt
,TPS
ORISSA
67,PITHEAD,IB VALLEY TPS,420.0,15,8.5,52,6,*,Less Receipt
68,PITHEAD,TALCHER (OLD) TPS,470.0,15,10.0,201,20
69,PITHEAD,TALCHER STPS,3000.0,15,65.0,51,1,*,**,Less Receipt
WEST BENGAL
70,RAIL,DURGAPUR TPS,340.0,20,6.1,212,35
71,RAIL,MEJIA TPS,1840.0,20,26.3,39,2,*,**,Higher Trun around
,time
72,RAIL,BAKRESWAR TPS,1050.0,25,16.1,0,0,*,**,Higher Generation
73,RAIL,BANDEL TPS,450.0,20,4.9,41,8
74,RAIL,D.P.L. TPS,690.0,25,9.9,88,9
75,RAIL,KOLAGHAT TPS,1260.0,25,19.6,39,2,*,**,Less Receipt
76,RAIL,SAGARDIGHI TPS,600.0,20,8.4,16,2,*,**,Less import
77,RAIL,SANTALDIH TPS,730.0,20,5.7,52,9
78,RAIL,BUDGE BUDGE TPS,750.0,20,8.3,234,28
79,RAIL,NEW COSSIPORE TPS,160.0,20,1.1,1,1,*,**,Less Receipt
80,RAIL,SOUTHERN REPL. TPS,135.0,20,2.5,31,12
81,RAIL,TITAGARH TPS,240.0,20,3.6,15,4,*,Less Receipt
82,PITHEAD,FARAKKA STPS,1600.0,15,27.5,80,3,*,**,Coal Transportation
TOTAL OF E.R.,19315.0,18,304.1,1684,6,11,8
ALL INDIA TOTAL,78837.0,21,1302,13048,10,30,18

(*) Critical i.e. stock less than 7 days in,30,TPSs,{Includes super critical also}
(**) Super Critical i.e. stock less than 4 days in,18,TPSs
,CENTRAL ELECTRICITY AUTHORITY
,OPERATION MONITORING DIVISION
,DAILY COAL REPORT
,Figures in 000 tonnes
COAL STOCKS POSITION AT VARIOUS THERMAL POWER STATIONS IN THE COUNTRY ( AS ON 28-Feb-2011 )
,Page 1 of2

,REGION/,MODE OF,NAME OF,CAPACITY,NORMA,COAL,ACTUAL STOCK,CRITICAL,REASONS FOR
,STATE,TRANSPORT,THERMAL,(MW),TIVE,REQUIRE,CRITICAL COAL
,POWER,STOCK,MENT,IN,000,IN,COAL STOCK,STOCK
,STATION,Reqd.,IN '000,TONNES,DAYS
,(DAYS),TONNES,<7,<4

NORTHERN
DELHI
1,RAIL,RAJGHAT TPS,135.0,20,2.7,22,8
2,RAIL,BADARPUR TPS,705.0,30,13.6,51,4,*,Less Receipt
HARYANA
3,RAIL,PANIPAT TPS,1360.0,25,19.5,28,1,*,**,No import
4,RAIL,YAMUNA NAGAR TPS,600.0,25,8.9,11,1,*,**,No import
5,RAIL,RAJIV GANDHI TPS,1200.0,25,13.3,0,0,*,**,No import
PUNJAB
6,RAIL,GH TPS (LEH.MOH.),920.0,30,11.3,374,33
7,RAIL,ROPAR TPS,1260.0,25,17.9,505,28
8,RAIL,GND TPS(BHATINDA),440.0,30,5.3,148,28
RAJASTHAN
9,RAIL,KOTA TPS,1240.0,30,23.2,30,1,*,**,No import
10,RAIL,SURATGARH TPS,1500.0,30,26.4,89,3,*,**,No import
11,RAIL,CHHABRA TPP,500.0,30,7.1,143,20
UTTAR PRADESH
12,PITHEAD,ANPARA TPS,1630.0,15,26.8,243,9
13,RAIL,HARDUAGANJ TPS,220.0,25,2.9,87,30
14,RAIL,OBRA TPS,1372.0,20,18.6,132,7
15,RAIL,PANKI TPS,210.0,30,3.6,49,14
16,RAIL,PARICHHA TPS,640.0,30,12.9,171,13
17,RAIL,DADRI (NCTPP),1820.0,30,22.1,284,13
18,PITHEAD,RIHAND STPS,2000.0,15,37.1,621,17
19,PITHEAD,SINGRAULI STPS,2000.0,15,37.5,437,12
20,RAIL,TANDA TPS,440.0,25,8.2,211,26
21,RAIL,UNCHAHAR TPS,1050.0,25,18.2,382,21
22,RAIL,ROSA TPP Ph-I,600.0,25,9.6,77,8
TOTAL OF N.R.,21842.0,24,346.7,4097,12,6,5
WESTERN
CHHATTISGARH
23,RAIL,DSPM TPS,500.0,15,9.7,120,12
24,PITHEAD,KORBA-II,440.0,15,12.3,43,4,*,Less Receipt
25,PITHEAD,KORBA-WEST TPS,840.0,15,15.0,501,33
26,PITHEAD,KORBA STPS,2600.0,15,39.3,592,15
27,RAIL,SIPAT STPS,1000.0,20,19.6,543,28
28,RAIL,PATHADI TPP,600.0,15,10.4,521,50
29,RAIL,BHILAI TPS,500.0,25,9.6,243,25
GUJARAT
30,RAIL,GANDHI NAGAR TPS,870.0,30,13.4,84,6,*,Less Receipt
31,RAIL,UKAI TPS,850.0,30,13.6,29,2,*,**,Higher Generation
32,RAIL,WANAKBORI TPS,1470.0,30,26.8,86,3,*,**,Less Receipt
33,RAIL,SIKKA REP. TPS,240.0,30,4.3,25,6,*,Less Receipt
34,RAIL,SABARMATI (C,400.0,30,6.4,45,7
,STATION)
MADHYA PRADESH
35,PITHEAD,AMARKANTAK EXT TPS,450.0,15,5.5,138,25
36,RAIL,SANJAY GANDHI TPS,1340.0,20,22.9,31,1,*,**,Less import
37,RAIL,SATPURA TPS,1142.5,20,22.5,138,6,*,Less Receipt
38,PITHEAD,VINDHYACHAL STPS,3260.0,15,59.6,669,11
MAHARASHTRA
39,RAIL,BHUSAWAL TPS,470.0,20,9.4,212,23
40,RAIL,CHANDRAPUR(MAHAR,2340.0,20,42.9,473,11
,ASHTRA) STPS
41,RAIL,KHAPARKHEDA TPS- II,840.0,25,18.0,109,6,*,Less Receipt
,Page 2 of2

 REGION/,MODE OF,NAME OF,CAPACITY,NORMA,COAL,ACTUAL STOCK,CRITICAL,REASONS FOR
,STATE,TRANSPORT,THERMAL,(MW),TIVE,REQUIRE,CRITICAL COAL
,POWER,STOCK,MENT,IN,000,IN,COAL STOCK,STOCK
,STATION,Reqd.,IN '000,TONNES,DAYS
,(DAYS),TONNES,<7,<4

42,RAIL,KORADI TPS,1040.0,25,17.0,189,11
43,RAIL,NASIK TPS,880.0,25,15.0,252,17
44,RAIL,PARLI TPS,1170.0,25,17.5,111,6,*,Less Receipt
45,RAIL,PARAS TPS,555.0,25,8.3,157,19
46,RAIL,DAHANU TPS,500.0,25,8.2,31,4,*,Less Receipt - SECL
TOTAL OF W.R.,24297.5,21,427.2,5341,13,10,3
SOUTHERN
ANDHRA PRADESH
47,RAIL,Dr. N.TATA RAO TPS,1760.0,20,27.3,244,9
48,RAIL,KOTHAGUDEM TPS,1220.0,20,23.4,370,16
49,ROAD,RAMAGUNDEM - B TPS,62.5,20,1.1,7,7
50,RAIL,RAYALASEEMA TPS,1050.0,25,15.0,130,9
51,PITHEAD,RAMAGUNDEM STPS,2600.0,15,42.9,419,10
52,RAIL,SIMHADRI,1000.0,25,19.6,41,2,*,**,Less Receipt
53,PITHEAD,KAKATIYA TPS,500.0,15,7.5,105,14
KARNATAKA
54,RAIL,RAICHUR TPS,1720.0,30,27.6,374,14
55,RAIL,BELLARY TPS,500.0,20,10.5,126,12
TAMIL NADU
56,INTER MODAL,ENNORE TPS,450.0,30,6.6,10,1,*,**,Less Receipt
57,INTER MODAL,METTUR TPS,840.0,30,13.4,66,5,*,Less Receipt
58,INTER MODAL,NORTH CHENNAI TPS,630.0,30,10.0,27,3,*,**,Less Receipt
59,INTER MODAL,TUTICORIN TPS,1050.0,30,18.6,84,5,*,Less Receipt
TOTAL OF S.R.,13382.5,23,223.5,2004,9,5,3
EASTERN
BIHAR
60,RAIL,BARAUNI TPS,310.0,20,1.1,23,22
61,RAIL,MUZAFFARPUR TPS,220.0,20,2.1,24,11
62,PITHEAD,KAHALGAON TPS,2340.0,15,43.6,7,0,*,**,Coal Transportation
JHARKHAND
63,RAIL,PATRATU TPS,770.0,20,7.1,112,16
64,ROAD,TENUGHAT TPS,420.0,20,6.4,45,7
65,RAIL,BOKARO `B` TPS,630.0,20,10.0,317,32
66,RAIL,CHANDRAPURA(DVC),890.0,20,10.3,50,5,*,Less Receipt
,TPS
ORISSA
67,PITHEAD,IB VALLEY TPS,420.0,15,8.5,52,6,*,Less Receipt
68,PITHEAD,TALCHER (OLD) TPS,470.0,15,10.0,203,20
69,PITHEAD,TALCHER STPS,3000.0,15,65.0,81,1,*,**,Less Receipt
WEST BENGAL
70,RAIL,DURGAPUR TPS,340.0,20,6.1,220,36
71,RAIL,MEJIA TPS,1840.0,20,26.3,35,1,*,**,Higher Trun around
,time
72,RAIL,BAKRESWAR TPS,1050.0,25,16.1,0,0,*,**,Higher Generation
73,RAIL,BANDEL TPS,450.0,20,4.9,43,9
74,RAIL,D.P.L. TPS,690.0,25,9.9,103,10
75,RAIL,KOLAGHAT TPS,1260.0,25,19.6,46,2,*,**,Less Receipt
76,RAIL,SAGARDIGHI TPS,600.0,20,8.4,2,0,*,**,Less import
77,RAIL,SANTALDIH TPS,730.0,20,5.7,42,7
78,RAIL,BUDGE BUDGE TPS,750.0,20,8.3,249,30
79,RAIL,NEW COSSIPORE TPS,160.0,20,1.1,5,5,*,Less Receipt
80,RAIL,SOUTHERN REPL. TPS,135.0,20,2.5,34,14
81,RAIL,TITAGARH TPS,240.0,20,3.6,16,4,*,Less Receipt
82,PITHEAD,FARAKKA STPS,1600.0,15,27.5,81,3,*,**,Coal Transportation
TOTAL OF E.R.,19315.0,18,304.1,1789,6,11,7
ALL INDIA TOTAL,78837.0,21,1302,13231,10,32,18

(*) Critical i.e. stock less than 7 days in,32,TPSs,{Includes super critical also}
(**) Super Critical i.e. stock less than 4 days in,18,TPSs

