,DAILY REPORT OF HYDRO RESERVOIRS FOR,07-May-2008,1
,FULL,PRESENT,RESERVIOR,MIN. DRAW,ANNUAL,ENERGY ENERGY,EFF.,EFF. CAP,COMMULATIVE
,RESERVOIR,RESERVOIR,LEVEL ON,DOWN,DESIGN,CONTANT CONTANT,CAP.,AT,ENERGY
,RESERVOIR,STATE,LEVEL,LEVEL,THE SAME,LEVEL,POTEN-,AT,AT,AT,PRESENT,GEN. FROM
,DAY LAST,TIAL,F.R.L. PRESENT,F.R.L.,LEVEL,1ST. OF April
,YEAR,LEVEL
,M,FT,M,FT,M,FT,M,FT,MU,MU,MU,MCM,MAFT,MCM,MAFT

BHAKRA,PUNJAB,513.59,1685.01,462.25,1516.57,475.81,1561.06,445.62,1462.01,5282.00,1728.80,162.64,6516.07,5.28,777.01,0.63,244.21


PONG,PUNJAB,426.72,1400.00,392.63,1288.16,401.94,1318.70,384.05,1260.01,1123.00,1084.00,81.21,6946.00,5.63,682.62,0.55,38.48


RANJIT SAGAR,PUNJAB,527.91,1731.99,504.18,1654.13,507.99,1666.63,487.91,1600.75,1507.00,390.30,150.96,7199.17,5.84,669.13,0.54,46.60


R.P. SAGAR,RAJASTHAN,352.81,1157.51,352,1154.84,344.68,1130.84,343.81,1127.99,459.00,175.66,152.89,1568.98,1.27,1412.53,1.15,14.44


RIHAND,UTTAR PRADESH,268.22,879.99,255.06,836.80,254.27,834.22,252.98,829.99,920.00,860.50,78.60,5845.50,4.74,581.95,0.47,30.85


RAM GANGA,UTTARAKHAND,366.00,1200.79,333.76,1095.01,329.54,1081.17,323.00,1059.71,164.00,480.80,48.42,2109.25,1.71,336.60,0.27,82.28


TEHRI,UTTARAKHAND,829.79,2722.41,744.75,2443.41,742.15,2434.88,740.04,2427.95,309.00,1291.49,29.23,2615.00,2.12,83.17,0.07,174.44


SARDAR SAROVAR,GUJARAT,138.68,454.99,117.92,386.88,115.03,377.40,110.84,363.65,5469.00,1817.55,223.94,5760.00,4.67,920.97,0.75,137.34


UKAI,GUJARAT,105.16,345.01,95.61,313.68,94.23,309.15,82.30,270.01,1080.00,813.08,315.31,6619.15,5.37,2810.40,2.28,69.35


GANDHI SAGAR,MADHYA PRADESH,399.90,1312.01,385.54,1264.88,381,1250.00,381.00,1250.00,420.48,725.00,73.28,6911.19,5.60,842.96,0.68,26.59


INDIRA SAGAR,MADHYA PRADESH,262.14,860.04,246.29,808.04,246.87,809.94,243.24,798.03,2628.00,1316.12,97.17,9706.00,7.87,760.17,0.62,93.05


BHIRA,MAHARASHTRA,606.03,1988.29,596.07,1955.61,593.73,1947.93,590.09,1935.99,790.00,618.80,195.96,522.76,0.42,165.57,0.13,30.62

,641.42,635.39
KOYNA,MAHARASHTRA,657.91,2158.50,2104.40,2084.61,609.60,2000.00,3130.00,3126.10,1453.80,2677.14,2.17,1237.60,1.00,480.61
,06-MAY-08,04-MAY-07

MACHKUND,ANDHRA PRADESH,838.20,2750.00,835.53,2741.24,830.61,2725.10,513.59,1685.01,670.00,551.60,419.46,892.55,0.72,678.72,0.55,57.67


NAGARJUN SAGAR,ANDHRA PRADESH,179.83,589.99,162.28,532.41,167.4,549.21,150.88,495.01,2237.00,1398.13,406.34,6537.80,5.30,2151.80,1.74,0.13


SRISAILAM,ANDHRA PRADESH,269.75,885.01,256.49,841.50,243.84,800.00,243.84,800.00,4300.00,1391.84,369.11,7105.96,5.76,1900.40,1.54,174.36

,508.78,508.75
ALMATTI,KARNATAKA,519.62,1704.79,1669.23,1669.13,505.97,1660.01,483.00,175.35,7.63,2631.50,2.13,141.74,0.11,0.84
,06-MAY-08,06-MAY-07

KALINDI SUPA,KARNATAKA,563.88,1850.00,531.21,1742.81,540.1,1771.98,513.52,1684.78,542.00,2885.00,620.48 133260.00,108.04,28547.67,23.14,63.25


SHARAVATHY,KARNATAKA,554.43,1819.00,539.13,1768.80,540.14,1772.11,522.73,1714.99,5564.00,4557.03,1144.00,4297.08,3.48,1078.74,0.87,693.90


IDAMALAYAR,KERALA,169.00,554.46,139.88,458.92,137.11,449.84,114.99,377.26,380.00,254.45,76.73,1017.80,0.83,311.47,0.25,44.03


IDUKKI,KERALA,732.35,2402.72,708.26,2323.69,707.09,2319.85,694.94,2279.99,2398.00,2146.32,550.63,1459.50,1.18,374.44,0.30,437.69
,DAILY REPORT OF HYDRO RESERVOIRS FOR,07-May-2008,2
,FULL,PRESENT,RESERVIOR,MIN. DRAW,ANNUAL,ENERGY ENERGY,EFF.,EFF. CAP,COMMULATIVE
,RESERVOIR,RESERVOIR,LEVEL ON,DOWN,DESIGN,CONTANT CONTANT,CAP.,AT,ENERGY
,RESERVOIR,STATE,LEVEL,LEVEL,THE SAME,LEVEL,POTEN-,AT,AT,AT,PRESENT,GEN. FROM
,DAY LAST,TIAL,F.R.L. PRESENT,F.R.L.,LEVEL,1ST. OF April
,YEAR,LEVEL
,M,FT,M,FT,M,FT,M,FT,MU,MU,MU,MCM,MAFT,MCM,MAFT

MADUPATTY,KERALA,1599.38,5247.31,1586.85,5206.20,1586.35,5204.56,1554.48,5100.00,6.40,77.40,36.29,55.32,0.04,25.73,0.02,0.00


SABRIGRI,KERALA,981.46,3220.01,957.34,3140.88,959.42,3147.70,908.30,2979.99,1338.00,764.00,274.00,446.26,0.36,170.10,0.14,188.45


KUNDAH GROUP,TAMIL NADU,1315.00,1270.00,578.00,346.50,0.28,375.00


METTURE,TAMIL NADU,240.79,789.99,234.18,768.31,238.27,781.73,211.23,693.01,790.00,204.00,118.92,2504.70,2.03,1630.77,1.32,723.37


PERIYAR,TAMIL NADU,46.33,152.00,40.54,133.01,36.91,121.10,33.53,110.01,409.00,216.00,102.03,273.51,0.22,127.12,0.10,0.00


BALIMELA,ORISSA,462.08,1516.01,445.62,1462.00,442.39,1451.41,438.91,1439.99,1183.00,897.75,173.66,2675.96,2.17,517.64,0.42,132.62


HIRAKUD,ORISSA,192.02,629.99,184.57,605.56,184.95,606.79,179.83,589.99,1174.00,372.28,72.69,4709.43,3.82,1095.72,0.89,37.48


INDRAVATI,ORISSA,641.84,2105.77,627.74,2059.51,630.84,2069.69,625.00,2050.52,1962.00,1213.13,80.86,1485.50,1.20,194.01,0.16,234.87


RENGALI,ORISSA,123.44,404.99,111.12,364.57,113.35,371.88,109.72,359.97,525.00,275.00,7.32,3167.81,2.57,194.19,0.16,26.58


UPPER KOLAB,ORISSA,857.78,2814.24,847.4,2780.18,849.57,2787.30,843.78,2768.31,832.00,540.00,73.72,935.00,0.76,161.42,0.13,89.86


LOKTAK,MANIPUR,768.50,2521.33,767.52,2518.11,766.82,2515.81,766.01,2513.16,450.00,250.00,66.06,0.00,0.00,24.75


** BHAKRA - POTENTIAL OF 5282 MU INCLUDES THOSE OF GANGWAL AND KOTLA STATIONS AND CORRESPONDS TO A DRY YEAR. THE POTENTIAL FOR A DEPENDABLE YEAR IS 6057 MU.
*** INCLUDES GANGUWAL & KOTLA.
$ UKAI - THE POTENTIAL FOR DEPENDABLE YEAR DURING THE INITIAL YEAR IS 1080 MU AND WOULD REDUCE TO 605 MU AS AND WHEN UPSTREAM IRRIGATION DEVELOPS.
$$ ENERGY CONTENT AT GANDHI SAGAR INCLUDES FOR GENERATION AT R.P.SAGAR AND JAWAHAR SAGAR.
@ KOYNA - POTENTIAL OF 3523 MU IS CORRESPONDING TO 87 TMC OF WATER AVAILABLE FOR POWER GENERATION AS PER KRISHNA WATER DISPUTE TRIBUNAL AWARD FOR KOYNA I,II,III & IV.
* RANJIT SAGAR - ENERGY CONTENT AT F.R.L. WORKED OUT CONSIDERING NIL INFLOW IN THE RESERVIOR.
,DAILY REPORT OF HYDRO RESERVOIRS FOR,08-May-2008,1
,FULL,PRESENT,RESERVIOR,MIN. DRAW,ANNUAL,ENERGY ENERGY,EFF.,EFF. CAP,COMMULATIVE
,RESERVOIR,RESERVOIR,LEVEL ON,DOWN,DESIGN,CONTANT CONTANT,CAP.,AT,ENERGY
,RESERVOIR,STATE,LEVEL,LEVEL,THE SAME,LEVEL,POTEN-,AT,AT,AT,PRESENT,GEN. FROM
,DAY LAST,TIAL,F.R.L. PRESENT,F.R.L.,LEVEL,1ST. OF April
,YEAR,LEVEL
,M,FT,M,FT,M,FT,M,FT,MU,MU,MU,MCM,MAFT,MCM,MAFT

BHAKRA,PUNJAB,513.59,1685.01,462.2,1516.40,476.35,1562.83,445.62,1462.01,5282.00,1728.80,162.06,6516.07,5.28,774.38,0.63,253.92


PONG,PUNJAB,426.72,1400.00,392.61,1288.09,401.7,1317.91,384.05,1260.01,1123.00,1084.00,80.94,6946.00,5.63,680.54,0.55,39.53


RANJIT SAGAR,PUNJAB,527.91,1731.99,504.32,1654.59,508.24,1667.45,487.91,1600.75,1507.00,390.30,152.66,7199.17,5.84,675.98,0.55,50.92


R.P. SAGAR,RAJASTHAN,352.81,1157.51,352,1154.84,344.67,1130.81,343.81,1127.99,459.00,175.66,152.89,1568.98,1.27,1412.53,1.15,14.44


RIHAND,UTTAR PRADESH,268.22,879.99,255.06,836.80,254.24,834.12,252.98,829.99,920.00,860.50,78.60,5845.50,4.74,581.95,0.47,31.77


RAM GANGA,UTTARAKHAND,366.00,1200.79,333.43,1093.93,329.22,1080.12,323.00,1059.71,164.00,480.80,46.28,2109.25,1.71,324.39,0.26,84.35


TEHRI,UTTARAKHAND,829.79,2722.41,744.5,2442.59,742.15,2434.88,740.04,2427.95,309.00,1291.49,27.66,2615.00,2.12,78.79,0.06,178.95


SARDAR SAROVAR,GUJARAT,138.68,454.99,117.79,386.45,115.08,377.56,110.84,363.65,5469.00,1817.55,201.01,5760.00,4.67,902.38,0.73,141.65


UKAI,GUJARAT,105.16,345.01,95.52,313.40,94.14,308.86,82.30,270.01,1080.00,813.08,312.35,6619.15,5.37,2781.73,2.26,71.38


GANDHI SAGAR,MADHYA PRADESH,399.90,1312.01,385.51,1264.80,381,1250.00,381.00,1250.00,420.48,725.00,72.80,6911.19,5.60,837.53,0.68,26.66


INDIRA SAGAR,MADHYA PRADESH,262.14,860.04,246.27,807.97,246.87,809.94,243.24,798.03,2628.00,1316.12,96.43,9706.00,7.87,754.38,0.61,94.32


BHIRA,MAHARASHTRA,606.03,1988.29,595.99,1955.35,593.65,1947.67,590.09,1935.99,790.00,618.80,192.99,522.76,0.42,163.06,0.13,30.98

,641.42,635.39
KOYNA,MAHARASHTRA,657.91,2158.50,2104.40,2084.61,609.60,2000.00,3130.00,3126.10,1453.80,2677.14,2.17,1237.60,1.00,487.86
,06-MAY-08,04-MAY-07

MACHKUND,ANDHRA PRADESH,838.20,2750.00,835.49,2741.11,830.58,2725.00,513.59,1685.01,670.00,551.60,417.46,892.55,0.72,675.50,0.55,59.93


NAGARJUN SAGAR,ANDHRA PRADESH,179.83,589.99,162.58,533.40,167.52,549.61,150.88,495.01,2237.00,1398.13,419.23,6537.80,5.30,2215.63,1.80,0.13


SRISAILAM,ANDHRA PRADESH,269.75,885.01,256.06,840.09,243.84,800.00,243.84,800.00,4300.00,1391.84,350.62,7105.96,5.76,1805.18,1.46,180.15

,508.78,508.75
ALMATTI,KARNATAKA,519.62,1704.79,1669.23,1669.13,505.97,1660.01,483.00,175.35,7.63,2631.50,2.13,141.74,0.11,0.84
,06-MAY-08,19-APR-07

KALINDI SUPA,KARNATAKA,563.88,1850.00,530.9,1741.80,539.85,1771.16,513.52,1684.78,542.00,2885.00,606.22 133260.00,108.04,27890.71,22.61,65.19


SHARAVATHY,KARNATAKA,554.43,1819.00,538.95,1768.21,540.03,1771.75,522.73,1714.99,5564.00,4557.03,1121.66,4297.08,3.48,1057.68,0.86,715.64


IDAMALAYAR,KERALA,169.00,554.46,139.63,458.10,136.86,449.02,114.99,377.26,380.00,254.45,75.55,1017.80,0.83,306.80,0.25,44.92


IDUKKI,KERALA,732.35,2402.72,708.03,2322.93,706.92,2319.29,694.94,2279.99,2398.00,2146.32,538.83,1459.50,1.18,366.40,0.30,449.83
,DAILY REPORT OF HYDRO RESERVOIRS FOR,08-May-2008,2
,FULL,PRESENT,RESERVIOR,MIN. DRAW,ANNUAL,ENERGY ENERGY,EFF.,EFF. CAP,COMMULATIVE
,RESERVOIR,RESERVOIR,LEVEL ON,DOWN,DESIGN,CONTANT CONTANT,CAP.,AT,ENERGY
,RESERVOIR,STATE,LEVEL,LEVEL,THE SAME,LEVEL,POTEN-,AT,AT,AT,PRESENT,GEN. FROM
,DAY LAST,TIAL,F.R.L. PRESENT,F.R.L.,LEVEL,1ST. OF April
,YEAR,LEVEL
,M,FT,M,FT,M,FT,M,FT,MU,MU,MU,MCM,MAFT,MCM,MAFT

MADUPATTY,KERALA,1599.38,5247.31,1586.7,5205.71,1586.35,5204.56,1554.48,5100.00,6.40,77.40,35.86,55.32,0.04,25.43,0.02,0.00


SABRIGRI,KERALA,981.46,3220.01,957.09,3140.06,959.19,3146.95,908.30,2979.99,1338.00,764.00,270.78,446.26,0.36,168.11,0.14,193.80


KUNDAH GROUP,TAMIL NADU,1315.00,1270.00,556.00,346.50,0.28,385.12


METTURE,TAMIL NADU,240.79,789.99,234.2,768.37,238.25,781.66,211.23,693.01,790.00,204.00,119.12,2504.70,2.03,1632.77,1.32,743.54


PERIYAR,TAMIL NADU,46.33,152.00,40.54,133.01,36.97,121.29,33.53,110.01,409.00,216.00,102.03,273.51,0.22,127.12,0.10,0.00


BALIMELA,ORISSA,462.08,1516.01,445.53,1461.70,442.33,1451.21,438.91,1439.99,1183.00,897.75,170.95,2675.96,2.17,509.56,0.41,136.23


HIRAKUD,ORISSA,192.02,629.99,184.52,605.37,184.85,606.46,179.83,589.99,1174.00,372.28,71.42,4709.43,3.82,1078.85,0.87,38.51


INDRAVATI,ORISSA,641.84,2105.77,627.66,2059.25,630.71,2069.26,625.00,2050.52,1962.00,1213.13,78.63,1485.50,1.20,188.63,0.15,240.59


RENGALI,ORISSA,123.44,404.99,111.09,364.47,113.33,371.82,109.72,359.97,525.00,275.00,7.09,3167.81,2.57,191.29,0.16,26.88


UPPER KOLAB,ORISSA,857.78,2814.24,847.3,2779.86,849.54,2787.20,843.78,2768.31,832.00,540.00,72.08,935.00,0.76,155.94,0.13,92.45


LOKTAK,MANIPUR,768.50,2521.33,767.57,2518.27,766.81,2515.78,766.01,2513.16,450.00,250.00,69.78,0.00,0.00,25.52


** BHAKRA - POTENTIAL OF 5282 MU INCLUDES THOSE OF GANGWAL AND KOTLA STATIONS AND CORRESPONDS TO A DRY YEAR. THE POTENTIAL FOR A DEPENDABLE YEAR IS 6057 MU.
*** INCLUDES GANGUWAL & KOTLA.
$ UKAI - THE POTENTIAL FOR DEPENDABLE YEAR DURING THE INITIAL YEAR IS 1080 MU AND WOULD REDUCE TO 605 MU AS AND WHEN UPSTREAM IRRIGATION DEVELOPS.
$$ ENERGY CONTENT AT GANDHI SAGAR INCLUDES FOR GENERATION AT R.P.SAGAR AND JAWAHAR SAGAR.
@ KOYNA - POTENTIAL OF 3523 MU IS CORRESPONDING TO 87 TMC OF WATER AVAILABLE FOR POWER GENERATION AS PER KRISHNA WATER DISPUTE TRIBUNAL AWARD FOR KOYNA I,II,III & IV.
* RANJIT SAGAR - ENERGY CONTENT AT F.R.L. WORKED OUT CONSIDERING NIL INFLOW IN THE RESERVIOR.
,DAILY REPORT OF HYDRO RESERVOIRS FOR,11-May-2008,1
,FULL,PRESENT,RESERVIOR,MIN. DRAW,ANNUAL,ENERGY ENERGY,EFF.,EFF. CAP,COMMULATIVE
,RESERVOIR,RESERVOIR,LEVEL ON,DOWN,DESIGN,CONTANT CONTANT,CAP.,AT,ENERGY
,RESERVOIR,STATE,LEVEL,LEVEL,THE SAME,LEVEL,POTEN-,AT,AT,AT,PRESENT,GEN. FROM
,DAY LAST,TIAL,F.R.L. PRESENT,F.R.L.,LEVEL,1ST. OF April
,YEAR,LEVEL
,M,FT,M,FT,M,FT,M,FT,MU,MU,MU,MCM,MAFT,MCM,MAFT

BHAKRA,PUNJAB,513.59,1685.01,461.99,1515.70,477.52,1566.67,445.62,1462.01,5282.00,1728.80,159.62,6516.07,5.28,763.55,0.62,284.40


PONG,PUNJAB,426.72,1400.00,392.45,1287.55,401.29,1316.57,384.05,1260.01,1123.00,1084.00,78.94,6946.00,5.63,664.52,0.54,43.17


RANJIT SAGAR,PUNJAB,527.91,1731.99,504.19,1654.17,509.52,1671.65,487.91,1600.75,1507.00,390.30,151.09,7199.17,5.84,669.62,0.54,63.72


R.P. SAGAR,RAJASTHAN,352.81,1157.51,352.04,1155.00,344.65,1130.74,343.81,1127.99,459.00,175.66,154.04,1568.98,1.27,1422.20,1.15,14.44


RIHAND,UTTAR PRADESH,268.22,879.99,255,836.60,254.18,833.92,252.98,829.99,920.00,860.50,76.20,5845.50,4.74,566.36,0.46,33.67


RAM GANGA,UTTARAKHAND,366.00,1200.79,332.45,1090.72,328.3,1077.10,323.00,1059.71,164.00,480.80,40.04,2109.25,1.71,288.12,0.23,90.56


TEHRI,UTTARAKHAND,829.79,2722.41,743.45,2439.14,742.1,2434.71,740.04,2427.95,309.00,1291.49,21.10,2615.00,2.12,60.41,0.05,191.75


SARDAR SAROVAR,GUJARAT,138.68,454.99,117.36,385.04,115.12,377.69,110.84,363.65,5469.00,1817.55,125.21,5760.00,4.67,840.96,0.68,155.52


UKAI,GUJARAT,105.16,345.01,95.3,312.66,93.91,308.10,82.30,270.01,1080.00,813.08,304.51,6619.15,5.37,2705.98,2.19,77.46


GANDHI SAGAR,MADHYA PRADESH,399.90,1312.01,385.5,1264.76,381,1250.00,381.00,1250.00,420.48,725.00,72.56,6911.19,5.60,834.82,0.68,26.80


INDIRA SAGAR,MADHYA PRADESH,262.14,860.04,246.26,807.94,262.14,860.04,243.24,798.03,2628.00,1316.12,96.07,9706.00,7.87,751.56,0.61,98.43


BHIRA,MAHARASHTRA,606.03,1988.29,595.82,1954.79,593.41,1946.88,590.09,1935.99,790.00,618.80,186.72,522.76,0.42,157.77,0.13,31.70

,641.42
KOYNA,MAHARASHTRA,657.91,2158.50,2104.40,634.27,2080.94,609.60,2000.00,3130.00,3126.10,1453.80,2677.14,2.17,1237.60,1.00,512.75
,06-MAY-08

MACHKUND,ANDHRA PRADESH,838.20,2750.00,835.35,2740.65,830.32,2724.15,513.59,1685.01,670.00,551.60,410.53,892.55,0.72,664.29,0.54,66.76


NAGARJUN SAGAR,ANDHRA PRADESH,179.83,589.99,162.98,534.71,167.49,549.51,150.88,495.01,2237.00,1398.13,436.33,6537.80,5.30,2300.37,1.86,0.13


SRISAILAM,ANDHRA PRADESH,269.75,885.01,255.64,838.71,243.84,800.00,243.84,800.00,4300.00,1391.84,333.78,7105.96,5.76,1718.48,1.39,191.78

,508.78,508.75
ALMATTI,KARNATAKA,519.62,1704.79,1669.23,1669.13,505.97,1660.01,483.00,175.35,7.63,2631.50,2.13,141.74,0.11,0.84
,06-MAY-08,19-MAY-07

KALINDI SUPA,KARNATAKA,563.88,1850.00,529.8,1738.19,539.5,1770.01,513.52,1684.78,542.00,2885.00,556.06 133260.00,108.04,25575.33,20.73,70.77


SHARAVATHY,KARNATAKA,554.43,1819.00,538.43,1766.50,539.72,1770.73,522.73,1714.99,5564.00,4557.03,1055.79,4297.08,3.48,995.57,0.81,778.33


IDAMALAYAR,KERALA,169.00,554.46,139.04,456.17,136.14,446.65,114.99,377.26,380.00,254.45,72.74,1017.80,0.83,295.76,0.24,47.74


IDUKKI,KERALA,732.35,2402.72,707.52,2321.26,706.3,2317.26,694.94,2279.99,2398.00,2146.32,512.90,1459.50,1.18,348.77,0.28,478.96
,DAILY REPORT OF HYDRO RESERVOIRS FOR,11-May-2008,2
,FULL,PRESENT,RESERVIOR,MIN. DRAW,ANNUAL,ENERGY ENERGY,EFF.,EFF. CAP,COMMULATIVE
,RESERVOIR,RESERVOIR,LEVEL ON,DOWN,DESIGN,CONTANT CONTANT,CAP.,AT,ENERGY
,RESERVOIR,STATE,LEVEL,LEVEL,THE SAME,LEVEL,POTEN-,AT,AT,AT,PRESENT,GEN. FROM
,DAY LAST,TIAL,F.R.L. PRESENT,F.R.L.,LEVEL,1ST. OF April
,YEAR,LEVEL
,M,FT,M,FT,M,FT,M,FT,MU,MU,MU,MCM,MAFT,MCM,MAFT

MADUPATTY,KERALA,1599.38,5247.31,1586.15,5203.90,1586.3,5204.40,1554.48,5100.00,6.40,77.40,34.31,55.32,0.04,24.33,0.02,0.00


SABRIGRI,KERALA,981.46,3220.01,955.91,3136.19,958.38,3144.29,908.30,2979.99,1338.00,764.00,256.17,446.26,0.36,159.06,0.13,210.56


KUNDAH GROUP,TAMIL NADU,1315.00,1270.00,530.00,346.50,0.28,415.51


METTURE,TAMIL NADU,240.79,789.99,234.24,768.50,238.18,781.43,211.23,693.01,790.00,204.00,119.51,2504.70,2.03,1636.75,1.33,804.03


PERIYAR,TAMIL NADU,46.33,152.00,40.54,133.01,36.97,121.29,33.53,110.01,409.00,216.00,102.03,273.51,0.22,127.12,0.10,0.00


BALIMELA,ORISSA,462.08,1516.01,445.22,1460.70,442.15,1450.62,438.91,1439.99,1183.00,897.75,161.93,2675.96,2.17,482.66,0.39,146.58


HIRAKUD,ORISSA,192.02,629.99,184.35,604.81,184.58,605.58,179.83,589.99,1174.00,372.28,67.68,4709.43,3.82,1026.30,0.83,41.17


INDRAVATI,ORISSA,641.84,2105.77,627.48,2058.66,630.43,2068.34,625.00,2050.52,1962.00,1213.13,73.61,1485.50,1.20,176.48,0.14,255.88


RENGALI,ORISSA,123.44,404.99,111,364.17,113.33,371.82,109.72,359.97,525.00,275.00,6.40,3167.81,2.57,182.54,0.15,27.74


UPPER KOLAB,ORISSA,857.78,2814.24,847.04,2779.00,849.4,2786.75,843.78,2768.31,832.00,540.00,66.59,935.00,0.76,143.14,0.12,98.74


LOKTAK,MANIPUR,768.50,2521.33,767.46,2517.91,766.68,2515.35,766.01,2513.16,450.00,250.00,61.28,0.00,0.00,27.83


** BHAKRA - POTENTIAL OF 5282 MU INCLUDES THOSE OF GANGWAL AND KOTLA STATIONS AND CORRESPONDS TO A DRY YEAR. THE POTENTIAL FOR A DEPENDABLE YEAR IS 6057 MU.
*** INCLUDES GANGUWAL & KOTLA.
$ UKAI - THE POTENTIAL FOR DEPENDABLE YEAR DURING THE INITIAL YEAR IS 1080 MU AND WOULD REDUCE TO 605 MU AS AND WHEN UPSTREAM IRRIGATION DEVELOPS.
$$ ENERGY CONTENT AT GANDHI SAGAR INCLUDES FOR GENERATION AT R.P.SAGAR AND JAWAHAR SAGAR.
@ KOYNA - POTENTIAL OF 3523 MU IS CORRESPONDING TO 87 TMC OF WATER AVAILABLE FOR POWER GENERATION AS PER KRISHNA WATER DISPUTE TRIBUNAL AWARD FOR KOYNA I,II,III & IV.
* RANJIT SAGAR - ENERGY CONTENT AT F.R.L. WORKED OUT CONSIDERING NIL INFLOW IN THE RESERVIOR.
,DAILY REPORT OF HYDRO RESERVOIRS FOR,12-May-2008,1
,FULL,PRESENT,RESERVIOR,MIN. DRAW,ANNUAL,ENERGY ENERGY,EFF.,EFF. CAP,COMMULATIVE
,RESERVOIR,RESERVOIR,LEVEL ON,DOWN,DESIGN,CONTANT CONTANT,CAP.,AT,ENERGY
,RESERVOIR,STATE,LEVEL,LEVEL,THE SAME,LEVEL,POTEN-,AT,AT,AT,PRESENT,GEN. FROM
,DAY LAST,TIAL,F.R.L. PRESENT,F.R.L.,LEVEL,1ST. OF April
,YEAR,LEVEL
,M,FT,M,FT,M,FT,M,FT,MU,MU,MU,MCM,MAFT,MCM,MAFT
,477.52
BHAKRA,PUNJAB,513.59,1685.01,461.74,1514.91,1566.67,445.62,1462.01,5282.00,1728.80,156.80,6516.07,5.28,751.34,0.61,295.78
,11-MAY-07
,401.29
PONG,PUNJAB,426.72,1400.00,392.35,1287.25,1316.57,384.05,1260.01,1123.00,1084.00,77.82,6946.00,5.63,655.62,0.53,44.95
,11-MAY-07
,509.52
RANJIT SAGAR,PUNJAB,527.91,1731.99,504.06,1653.74,1671.65,487.91,1600.75,1507.00,390.30,149.51,7199.17,5.84,663.25,0.54,68.86
,11-MAY-07
,344.65
R.P. SAGAR,RAJASTHAN,352.81,1157.51,352.03,1154.97,1130.74,343.81,1127.99,459.00,175.66,153.82,1568.98,1.27,1420.39,1.15,14.46
,11-MAY-07
,254.18
RIHAND,UTTAR PRADESH,268.22,879.99,255,836.60,833.92,252.98,829.99,920.00,860.50,76.20,5845.50,4.74,566.36,0.46,33.67
,11-MAY-07
,332.45,328.3
RAM GANGA,UTTARAKHAND,366.00,1200.79,1090.72,1077.10,323.00,1059.71,164.00,480.80,40.04,2109.25,1.71,288.12,0.23,92.63
,11-MAY-08,11-MAY-07
,741.8
TEHRI,UTTARAKHAND,829.79,2722.41,743.2,2438.32,2433.73,740.04,2427.95,309.00,1291.49,19.55,2615.00,2.12,56.04,0.05,195.66
,11-MAY-07
,117.36,115.12
SARDAR SAROVAR,GUJARAT,138.68,454.99,385.04,377.69,110.84,363.65,5469.00,1817.55,125.21,5760.00,4.67,840.96,0.68,162.38
,11-MAY-08,11-MAY-07
,93.91
UKAI,GUJARAT,105.16,345.01,95.2,312.32,308.10,82.30,270.01,1080.00,813.08,300.91,6619.15,5.37,2671.16,2.17,79.48
,11-MAY-07
,381
GANDHI SAGAR,MADHYA PRADESH,399.90,1312.01,385.5,1264.75,1250.00,381.00,1250.00,420.48,725.00,72.50,6911.19,5.60,834.14,0.68,26.80
,11-MAY-07
,262.14
INDIRA SAGAR,MADHYA PRADESH,262.14,860.04,246.24,807.87,860.04,243.24,798.03,2628.00,1316.12,95.33,9706.00,7.87,745.76,0.60,99.92
,11-MAY-07
,595.82,593.41
BHIRA,MAHARASHTRA,606.03,1988.29,1954.79,1946.88,590.09,1935.99,790.00,618.80,186.72,522.76,0.42,157.77,0.13,32.18
,11-MAY-08,11-MAY-07
,641.42
KOYNA,MAHARASHTRA,657.91,2158.50,2104.40,634.27,2080.94,609.60,2000.00,3130.00,3126.10,1453.80,2677.14,2.17,1237.60,1.00,518.58
,11-MAY-08
,830.32
MACHKUND,ANDHRA PRADESH,838.20,2750.00,835.3,2740.49,2724.15,513.59,1685.01,670.00,551.60,408.06,892.55,0.72,660.29,0.54,69.07
,11-MAY-07
,167.49
NAGARJUN SAGAR,ANDHRA PRADESH,179.83,589.99,162.98,534.71,549.51,150.88,495.01,2237.00,1398.13,436.33,6537.80,5.30,2300.37,1.86,0.13
,11-MAY-07
,243.84
SRISAILAM,ANDHRA PRADESH,269.75,885.01,255.64,838.71,800.00,243.84,800.00,4300.00,1391.84,333.78,7105.96,5.76,1718.48,1.39,193.39
,11-MAY-07
,508.78,508.75
ALMATTI,KARNATAKA,519.62,1704.79,1669.23,1669.13,505.97,1660.01,483.00,175.35,7.63,2631.50,2.13,141.74,0.11,0.84
,06-MAY-08,09-APR-07

KALINDI SUPA,KARNATAKA,563.88,1850.00,529.53,1737.30,539.5,1770.01,513.52,1684.78,542.00,2885.00,544.17 133260.00,108.04,25022.12,20.29,72.62


SHARAVATHY,KARNATAKA,554.43,1819.00,538.25,1765.91,539.72,1770.73,522.73,1714.99,5564.00,4557.03,1033.40,4297.08,3.48,974.44,0.79,798.32


IDAMALAYAR,KERALA,169.00,554.46,138.86,455.58,136.14,446.65,114.99,377.26,380.00,254.45,71.90,1017.80,0.83,292.39,0.24,48.97


IDUKKI,KERALA,732.35,2402.72,707.39,2320.83,706.3,2317.26,694.94,2279.99,2398.00,2146.32,506.30,1459.50,1.18,344.28,0.28,491.75
,DAILY REPORT OF HYDRO RESERVOIRS FOR,12-May-2008,2
,FULL,PRESENT,RESERVIOR,MIN. DRAW,ANNUAL,ENERGY ENERGY,EFF.,EFF. CAP,COMMULATIVE
,RESERVOIR,RESERVOIR,LEVEL ON,DOWN,DESIGN,CONTANT CONTANT,CAP.,AT,ENERGY
,RESERVOIR,STATE,LEVEL,LEVEL,THE SAME,LEVEL,POTEN-,AT,AT,AT,PRESENT,GEN. FROM
,DAY LAST,TIAL,F.R.L. PRESENT,F.R.L.,LEVEL,1ST. OF April
,YEAR,LEVEL
,M,FT,M,FT,M,FT,M,FT,MU,MU,MU,MCM,MAFT,MCM,MAFT

MADUPATTY,KERALA,1599.38,5247.31,1585.95,5203.25,1586.3,5204.40,1554.48,5100.00,6.40,77.40,33.75,55.32,0.04,23.93,0.02,0.00


SABRIGRI,KERALA,981.46,3220.01,955.47,3134.74,958.38,3144.29,908.30,2979.99,1338.00,764.00,250.85,446.26,0.36,155.92,0.13,216.84


KUNDAH GROUP,TAMIL NADU,1315.00,1270.00,523.00,346.50,0.28,425.65


METTURE,TAMIL NADU,240.79,789.99,234.28,768.64,238.18,781.43,211.23,693.01,790.00,204.00,119.90,2504.70,2.03,1640.73,1.33,824.24


PERIYAR,TAMIL NADU,46.33,152.00,40.54,133.01,36.97,121.29,33.53,110.01,409.00,216.00,102.03,273.51,0.22,127.12,0.10,0.00


BALIMELA,ORISSA,462.08,1516.01,445.13,1460.40,442.15,1450.62,438.91,1439.99,1183.00,897.75,159.22,2675.96,2.17,474.59,0.38,149.13


HIRAKUD,ORISSA,192.02,629.99,184.3,604.65,184.58,605.58,179.83,589.99,1174.00,372.28,66.61,4709.43,3.82,1009.73,0.82,41.98


INDRAVATI,ORISSA,641.84,2105.77,627.43,2058.50,630.43,2068.34,625.00,2050.52,1962.00,1213.13,72.22,1485.50,1.20,173.11,0.14,259.31


RENGALI,ORISSA,123.44,404.99,110.94,363.98,113.33,371.82,109.72,359.97,525.00,275.00,5.95,3167.81,2.57,176.36,0.14,27.74


UPPER KOLAB,ORISSA,857.78,2814.24,847.01,2778.90,849.4,2786.75,843.78,2768.31,832.00,540.00,65.81,935.00,0.76,141.81,0.11,101.41


LOKTAK,MANIPUR,768.50,2521.33,767.46,2517.91,766.68,2515.35,766.01,2513.16,450.00,250.00,61.28,0.00,0.00,28.30


** BHAKRA - POTENTIAL OF 5282 MU INCLUDES THOSE OF GANGWAL AND KOTLA STATIONS AND CORRESPONDS TO A DRY YEAR. THE POTENTIAL FOR A DEPENDABLE YEAR IS 6057 MU.
*** INCLUDES GANGUWAL & KOTLA.
$ UKAI - THE POTENTIAL FOR DEPENDABLE YEAR DURING THE INITIAL YEAR IS 1080 MU AND WOULD REDUCE TO 605 MU AS AND WHEN UPSTREAM IRRIGATION DEVELOPS.
$$ ENERGY CONTENT AT GANDHI SAGAR INCLUDES FOR GENERATION AT R.P.SAGAR AND JAWAHAR SAGAR.
@ KOYNA - POTENTIAL OF 3523 MU IS CORRESPONDING TO 87 TMC OF WATER AVAILABLE FOR POWER GENERATION AS PER KRISHNA WATER DISPUTE TRIBUNAL AWARD FOR KOYNA I,II,III & IV.
* RANJIT SAGAR - ENERGY CONTENT AT F.R.L. WORKED OUT CONSIDERING NIL INFLOW IN THE RESERVIOR.
,DAILY REPORT OF HYDRO RESERVOIRS FOR,13-May-2008,1
,FULL,PRESENT,RESERVIOR,MIN. DRAW,ANNUAL,ENERGY ENERGY,EFF.,EFF. CAP,COMMULATIVE
,RESERVOIR,RESERVOIR,LEVEL ON,DOWN,DESIGN,CONTANT CONTANT,CAP.,AT,ENERGY
,RESERVOIR,STATE,LEVEL,LEVEL,THE SAME,LEVEL,POTEN-,AT,AT,AT,PRESENT,GEN. FROM
,DAY LAST,TIAL,F.R.L. PRESENT,F.R.L.,LEVEL,1ST. OF April
,YEAR,LEVEL
,M,FT,M,FT,M,FT,M,FT,MU,MU,MU,MCM,MAFT,MCM,MAFT
,477.52
BHAKRA,PUNJAB,513.59,1685.01,461.58,1514.36,1566.67,445.62,1462.01,5282.00,1728.80,154.99,6516.07,5.28,742.83,0.60,306.85
,11-MAY-07
,401.29
PONG,PUNJAB,426.72,1400.00,392.31,1287.12,1316.57,384.05,1260.01,1123.00,1084.00,77.34,6946.00,5.63,651.77,0.53,45.97
,11-MAY-07

RANJIT SAGAR,PUNJAB,527.91,1731.99,503.81,1652.92,520.55,1707.84,487.91,1600.75,1507.00,390.30,146.50,7199.17,5.84,651.02,0.53,74.58


R.P. SAGAR,RAJASTHAN,352.81,1157.51,352.03,1154.97,352.27,1155.74,343.81,1127.99,459.00,175.66,153.82,1568.98,1.27,1420.39,1.15,14.46


RIHAND,UTTAR PRADESH,268.22,879.99,254.93,836.40,254.9,836.29,252.98,829.99,920.00,860.50,73.80,5845.50,4.74,550.78,0.45,34.23


RAM GANGA,UTTARAKHAND,366.00,1200.79,331.73,1088.35,330.72,1085.04,323.00,1059.71,164.00,480.80,36.19,2109.25,1.71,261.50,0.21,94.70


TEHRI,UTTARAKHAND,829.79,2722.41,743.05,2437.83,741.8,2433.73,740.04,2427.95,309.00,1291.49,18.61,2615.00,2.12,53.41,0.04,199.56

,115.1
SARDAR SAROVAR,GUJARAT,138.68,454.99,116.94,383.66,377.62,110.84,363.65,5469.00,1817.55,67.57,5760.00,4.67,780.98,0.63,169.07
,13-MAY-08

UKAI,GUJARAT,105.16,345.01,95.14,312.14,88.83,291.44,82.30,270.01,1080.00,813.08,299.00,6619.15,5.37,2652.74,2.15,81.13


GANDHI SAGAR,MADHYA PRADESH,399.90,1312.01,385.49,1264.74,391.8,1285.43,381.00,1250.00,420.48,725.00,72.44,6911.19,5.60,833.46,0.68,26.80


INDIRA SAGAR,MADHYA PRADESH,262.14,860.04,246.29,808.04,246.77,809.61,243.24,798.03,2628.00,1316.12,97.17,9706.00,7.87,760.17,0.62,101.40

,595.82,593.41
BHIRA,MAHARASHTRA,606.03,1988.29,1954.79,1946.88,590.09,1935.99,790.00,618.80,186.72,522.76,0.42,157.77,0.13,32.50
,11-MAY-08,11-MAY-07
,634.27
KOYNA,MAHARASHTRA,657.91,2158.50,640.38,2101.00,2080.94,609.60,2000.00,3130.00,3126.10,1369.50,2677.14,2.17,1172.00,0.95,527.43
,11-MAY-07

MACHKUND,ANDHRA PRADESH,838.20,2750.00,835.26,2740.35,828.92,2719.55,513.59,1685.01,670.00,551.60,406.08,892.55,0.72,657.08,0.53,71.38

,167.49
NAGARJUN SAGAR,ANDHRA PRADESH,179.83,589.99,163.07,535.01,549.51,150.88,495.01,2237.00,1398.13,440.26,6537.80,5.30,2319.80,1.88,0.13
,11-MAY-07
,243.84
SRISAILAM,ANDHRA PRADESH,269.75,885.01,255.51,838.29,800.00,243.84,800.00,4300.00,1391.84,328.55,7105.96,5.76,1691.57,1.37,196.84
,11-MAY-07
,508.78,508.75
ALMATTI,KARNATAKA,519.62,1704.79,1669.23,1669.13,505.97,1660.01,483.00,175.35,7.63,2631.50,2.13,141.74,0.11,0.84
,06-MAY-08,09-APR-07

KALINDI SUPA,KARNATAKA,563.88,1850.00,529.22,1736.29,532.29,1746.36,513.52,1684.78,542.00,2885.00,530.53 133260.00,108.04,24387.11,19.77,74.47


SHARAVATHY,KARNATAKA,554.43,1819.00,538.06,1765.29,537.7,1764.11,522.73,1714.99,5564.00,4557.03,1009.77,4297.08,3.48,952.17,0.77,818.98

,136.14
IDAMALAYAR,KERALA,169.00,554.46,138.53,454.49,446.65,114.99,377.26,380.00,254.45,70.38,1017.80,0.83,286.22,0.23,50.22
,11-MAY-07

IDUKKI,KERALA,732.35,2402.72,707.16,2320.08,707.37,2320.77,694.94,2279.99,2398.00,2146.32,494.63,1459.50,1.18,336.35,0.27,504.07
,DAILY REPORT OF HYDRO RESERVOIRS FOR,13-May-2008,2
,FULL,PRESENT,RESERVIOR,MIN. DRAW,ANNUAL,ENERGY ENERGY,EFF.,EFF. CAP,COMMULATIVE
,RESERVOIR,RESERVOIR,LEVEL ON,DOWN,DESIGN,CONTANT CONTANT,CAP.,AT,ENERGY
,RESERVOIR,STATE,LEVEL,LEVEL,THE SAME,LEVEL,POTEN-,AT,AT,AT,PRESENT,GEN. FROM
,DAY LAST,TIAL,F.R.L. PRESENT,F.R.L.,LEVEL,1ST. OF April
,YEAR,LEVEL
,M,FT,M,FT,M,FT,M,FT,MU,MU,MU,MCM,MAFT,MCM,MAFT
,1586.3
MADUPATTY,KERALA,1599.38,5247.31,1585.8,5202.76,5204.40,1554.48,5100.00,6.40,77.40,33.38,55.32,0.04,23.67,0.02,0.00
,11-MAY-07

SABRIGRI,KERALA,981.46,3220.01,954.97,3133.10,946.71,3106.00,908.30,2979.99,1338.00,764.00,244.86,446.26,0.36,152.17,0.12,222.56


KUNDAH GROUP,TAMIL NADU,1315.00,1270.00,514.00,346.50,0.28,432.17

,238.18
METTURE,TAMIL NADU,240.79,789.99,234.34,768.83,781.43,211.23,693.01,790.00,204.00,120.50,2504.70,2.03,1646.72,1.34,844.44
,11-MAY-07
,36.97
PERIYAR,TAMIL NADU,46.33,152.00,40.54,133.01,121.29,33.53,110.01,409.00,216.00,102.03,273.51,0.22,127.12,0.10,0.00
,11-MAY-07

BALIMELA,ORISSA,462.08,1516.01,445.04,1460.10,448.67,1472.01,438.91,1439.99,1183.00,897.75,156.51,2675.96,2.17,466.52,0.38,153.80


HIRAKUD,ORISSA,192.02,629.99,184.26,604.54,185.46,608.46,179.83,589.99,1174.00,372.28,65.87,4709.43,3.82,998.33,0.81,43.57


INDRAVATI,ORISSA,641.84,2105.77,627.38,2058.33,630.75,2069.39,625.00,2050.52,1962.00,1213.13,70.82,1485.50,1.20,169.74,0.14,265.37

,113.33
RENGALI,ORISSA,123.44,404.99,110.94,363.98,371.82,109.72,359.97,525.00,275.00,5.95,3167.81,2.57,176.36,0.14,28.52
,11-MAY-07

UPPER KOLAB,ORISSA,857.78,2814.24,846.87,2778.44,848.9,2785.10,843.78,2768.31,832.00,540.00,62.23,935.00,0.76,135.64,0.11,104.68

,766.68
LOKTAK,MANIPUR,768.50,2521.33,767.45,2517.88,2515.35,766.01,2513.16,450.00,250.00,60.51,0.00,0.00,28.83
,11-MAY-07

** BHAKRA - POTENTIAL OF 5282 MU INCLUDES THOSE OF GANGWAL AND KOTLA STATIONS AND CORRESPONDS TO A DRY YEAR. THE POTENTIAL FOR A DEPENDABLE YEAR IS 6057 MU.
*** INCLUDES GANGUWAL & KOTLA.
$ UKAI - THE POTENTIAL FOR DEPENDABLE YEAR DURING THE INITIAL YEAR IS 1080 MU AND WOULD REDUCE TO 605 MU AS AND WHEN UPSTREAM IRRIGATION DEVELOPS.
$$ ENERGY CONTENT AT GANDHI SAGAR INCLUDES FOR GENERATION AT R.P.SAGAR AND JAWAHAR SAGAR.
@ KOYNA - POTENTIAL OF 3523 MU IS CORRESPONDING TO 87 TMC OF WATER AVAILABLE FOR POWER GENERATION AS PER KRISHNA WATER DISPUTE TRIBUNAL AWARD FOR KOYNA I,II,III & IV.
* RANJIT SAGAR - ENERGY CONTENT AT F.R.L. WORKED OUT CONSIDERING NIL INFLOW IN THE RESERVIOR.
,DAILY REPORT OF HYDRO RESERVOIRS FOR,14-May-2008,1
,FULL,PRESENT,RESERVIOR,MIN. DRAW,ANNUAL,ENERGY ENERGY,EFF.,EFF. CAP,COMMULATIVE
,RESERVOIR,RESERVOIR,LEVEL ON,DOWN,DESIGN,CONTANT CONTANT,CAP.,AT,ENERGY
,RESERVOIR,STATE,LEVEL,LEVEL,THE SAME,LEVEL,POTEN-,AT,AT,AT,PRESENT,GEN. FROM
,DAY LAST,TIAL,F.R.L. PRESENT,F.R.L.,LEVEL,1ST. OF April
,YEAR,LEVEL
,M,FT,M,FT,M,FT,M,FT,MU,MU,MU,MCM,MAFT,MCM,MAFT

BHAKRA,PUNJAB,513.59,1685.01,461.42,1513.83,478.48,1569.82,445.62,1462.01,5282.00,1728.80,153.19,6516.07,5.28,734.63,0.60,317.87


PONG,PUNJAB,426.72,1400.00,392.31,1287.11,400.64,1314.44,384.05,1260.01,1123.00,1084.00,77.31,6946.00,5.63,651.47,0.53,46.56


RANJIT SAGAR,PUNJAB,527.91,1731.99,503.72,1652.62,510.48,1674.80,487.91,1600.75,1507.00,390.30,145.43,7199.17,5.84,646.62,0.52,78.55


R.P. SAGAR,RAJASTHAN,352.81,1157.51,352.02,1154.92,344.63,1130.68,343.81,1127.99,459.00,175.66,153.46,1568.98,1.27,1417.36,1.15,14.46


RIHAND,UTTAR PRADESH,268.22,879.99,254.93,836.40,254.18,833.92,252.98,829.99,920.00,860.50,73.80,5845.50,4.74,550.78,0.45,34.54


RAM GANGA,UTTARAKHAND,366.00,1200.79,331.38,1087.20,327.67,1075.03,323.00,1059.71,164.00,480.80,34.87,2109.25,1.71,248.59,0.20,96.77

,741.8
TEHRI,UTTARAKHAND,829.79,2722.41,742.95,2437.50,2433.73,740.04,2427.95,309.00,1291.49,18.00,2615.00,2.12,51.66,0.04,203.45
,13-MAY-07

SARDAR SAROVAR,GUJARAT,138.68,454.99,116.81,383.23,115.1,377.62,110.84,363.65,5469.00,1817.55,80.28,5760.00,4.67,762.46,0.62,174.76


UKAI,GUJARAT,105.16,345.01,95.07,311.92,93.7,307.41,82.30,270.01,1080.00,813.08,296.73,6619.15,5.37,2630.11,2.13,82.77


GANDHI SAGAR,MADHYA PRADESH,399.90,1312.01,385.49,1264.73,381,1250.00,381.00,1250.00,420.48,725.00,72.38,6911.19,5.60,832.78,0.68,26.80


INDIRA SAGAR,MADHYA PRADESH,262.14,860.04,246.17,807.64,246.76,809.58,243.24,798.03,2628.00,1316.12,92.75,9706.00,7.87,725.56,0.59,103.70


BHIRA,MAHARASHTRA,606.03,1988.29,595.68,1954.33,593.27,1946.42,590.09,1935.99,790.00,618.80,181.58,522.76,0.42,153.42,0.12,33.25


KOYNA,MAHARASHTRA,657.91,2158.50,640.38,2101.00,634.08,2080.31,609.60,2000.00,3130.00,3126.10,1369.50,2677.14,2.17,1172.00,0.95,538.57


MACHKUND,ANDHRA PRADESH,838.20,2750.00,835.21,2740.19,830.09,2723.39,513.59,1685.01,670.00,551.60,403.61,892.55,0.72,653.09,0.53,73.69


NAGARJUN SAGAR,ANDHRA PRADESH,179.83,589.99,163.16,535.30,167.49,549.51,150.88,495.01,2237.00,1398.13,444.16,6537.80,5.30,2339.15,1.90,0.13


SRISAILAM,ANDHRA PRADESH,269.75,885.01,255.39,837.89,243.84,800.00,243.84,800.00,4300.00,1391.84,323.77,7105.96,5.76,1666.92,1.35,199.34

,508.78,508.75
ALMATTI,KARNATAKA,519.62,1704.79,1669.23,1669.13,505.97,1660.01,483.00,175.35,7.63,2631.50,2.13,141.74,0.11,0.84
,06-MAY-08,09-MAY-07

KALINDI SUPA,KARNATAKA,563.88,1850.00,528.9,1735.24,538.95,1768.21,513.52,1684.78,542.00,2885.00,516.19 133260.00,108.04,23731.50,19.24,76.29


SHARAVATHY,KARNATAKA,554.43,1819.00,537.9,1764.76,539.42,1769.75,522.73,1714.99,5564.00,4557.03,990.82,4297.08,3.48,934.30,0.76,838.86


IDAMALAYAR,KERALA,169.00,554.46,138.31,453.77,135.34,444.03,114.99,377.26,380.00,254.45,69.36,1017.80,0.83,282.10,0.23,51.46


IDUKKI,KERALA,732.35,2402.72,706.93,2319.32,705.51,2314.67,694.94,2279.99,2398.00,2146.32,483.07,1459.50,1.18,328.49,0.27,518.37
,DAILY REPORT OF HYDRO RESERVOIRS FOR,14-May-2008,2
,FULL,PRESENT,RESERVIOR,MIN. DRAW,ANNUAL,ENERGY ENERGY,EFF.,EFF. CAP,COMMULATIVE
,RESERVOIR,RESERVOIR,LEVEL ON,DOWN,DESIGN,CONTANT CONTANT,CAP.,AT,ENERGY
,RESERVOIR,STATE,LEVEL,LEVEL,THE SAME,LEVEL,POTEN-,AT,AT,AT,PRESENT,GEN. FROM
,DAY LAST,TIAL,F.R.L. PRESENT,F.R.L.,LEVEL,1ST. OF April
,YEAR,LEVEL
,M,FT,M,FT,M,FT,M,FT,MU,MU,MU,MCM,MAFT,MCM,MAFT

MADUPATTY,KERALA,1599.38,5247.31,1586,5203.41,1586.45,5204.89,1554.48,5100.00,6.40,77.40,33.89,55.32,0.04,24.03,0.02,0.00


SABRIGRI,KERALA,981.46,3220.01,954.49,3131.53,957.35,3140.91,908.30,2979.99,1338.00,764.00,239.32,446.26,0.36,148.91,0.12,227.08


KUNDAH GROUP,TAMIL NADU,1315.00,1270.00,508.00,346.50,0.28,441.31


METTURE,TAMIL NADU,240.79,789.99,234.41,769.06,238.13,781.27,211.23,693.01,790.00,204.00,121.19,2504.70,2.03,1654.43,1.34,864.58


PERIYAR,TAMIL NADU,46.33,152.00,40.54,133.01,36.97,121.29,33.53,110.01,409.00,216.00,102.03,273.51,0.22,127.12,0.10,0.00


BALIMELA,ORISSA,462.08,1516.01,444.92,1459.70,441.9,1449.80,438.91,1439.99,1183.00,897.75,153.04,2675.96,2.17,456.19,0.37,156.86


HIRAKUD,ORISSA,192.02,629.99,184.22,604.41,184.34,604.79,179.83,589.99,1174.00,372.28,65.00,4709.43,3.82,984.86,0.80,45.55


INDRAVATI,ORISSA,641.84,2105.77,627.29,2058.04,630.15,2067.42,625.00,2050.52,1962.00,1213.13,68.31,1485.50,1.20,163.68,0.13,271.62


RENGALI,ORISSA,123.44,404.99,110.79,363.48,113.23,371.49,109.72,359.97,525.00,275.00,4.97,3167.81,2.57,154.53,0.13,29.25


UPPER KOLAB,ORISSA,857.78,2814.24,846.75,2778.05,849.26,2786.29,843.78,2768.31,832.00,540.00,59.34,935.00,0.76,130.68,0.11,107.55


LOKTAK,MANIPUR,768.50,2521.33,767.4,2517.72,766.79,2515.72,766.01,2513.16,450.00,250.00,56.53,0.00,0.00,29.44


** BHAKRA - POTENTIAL OF 5282 MU INCLUDES THOSE OF GANGWAL AND KOTLA STATIONS AND CORRESPONDS TO A DRY YEAR. THE POTENTIAL FOR A DEPENDABLE YEAR IS 6057 MU.
*** INCLUDES GANGUWAL & KOTLA.
$ UKAI - THE POTENTIAL FOR DEPENDABLE YEAR DURING THE INITIAL YEAR IS 1080 MU AND WOULD REDUCE TO 605 MU AS AND WHEN UPSTREAM IRRIGATION DEVELOPS.
$$ ENERGY CONTENT AT GANDHI SAGAR INCLUDES FOR GENERATION AT R.P.SAGAR AND JAWAHAR SAGAR.
@ KOYNA - POTENTIAL OF 3523 MU IS CORRESPONDING TO 87 TMC OF WATER AVAILABLE FOR POWER GENERATION AS PER KRISHNA WATER DISPUTE TRIBUNAL AWARD FOR KOYNA I,II,III & IV.
* RANJIT SAGAR - ENERGY CONTENT AT F.R.L. WORKED OUT CONSIDERING NIL INFLOW IN THE RESERVIOR.
,DAILY REPORT OF HYDRO RESERVOIRS FOR,15-May-2008,1
,FULL,PRESENT,RESERVIOR,MIN. DRAW,ANNUAL,ENERGY ENERGY,EFF.,EFF. CAP,COMMULATIVE
,RESERVOIR,RESERVOIR,LEVEL ON,DOWN,DESIGN,CONTANT CONTANT,CAP.,AT,ENERGY
,RESERVOIR,STATE,LEVEL,LEVEL,THE SAME,LEVEL,POTEN-,AT,AT,AT,PRESENT,GEN. FROM
,DAY LAST,TIAL,F.R.L. PRESENT,F.R.L.,LEVEL,1ST. OF April
,YEAR,LEVEL
,M,FT,M,FT,M,FT,M,FT,MU,MU,MU,MCM,MAFT,MCM,MAFT

BHAKRA,PUNJAB,513.59,1685.01,461.34,1513.58,478.88,1571.13,445.62,1462.01,5282.00,1728.80,152.29,6516.07,5.28,730.77,0.59,328.63


PONG,PUNJAB,426.72,1400.00,392.25,1286.91,400.48,1313.91,384.05,1260.01,1123.00,1084.00,76.57,6946.00,5.63,645.54,0.52,47.95


RANJIT SAGAR,PUNJAB,527.91,1731.99,503.56,1652.10,510.79,1675.82,487.91,1600.75,1507.00,390.30,143.50,7199.17,5.84,638.78,0.52,83.48


R.P. SAGAR,RAJASTHAN,352.81,1157.51,352.03,1154.97,344.62,1130.64,343.81,1127.99,459.00,175.66,153.82,1568.98,1.27,1420.39,1.15,14.46

,254.93
RIHAND,UTTAR PRADESH,268.22,879.99,836.40,254.15,833.83,252.98,829.99,920.00,860.50,73.80,5845.50,4.74,550.78,0.45,34.54
,14-MAY-08

RAM GANGA,UTTARAKHAND,366.00,1200.79,331.02,1086.02,327.48,1074.41,323.00,1059.71,164.00,480.80,33.52,2109.25,1.71,235.30,0.19,98.16


TEHRI,UTTARAKHAND,829.79,2722.41,742.8,2437.01,741.6,2433.07,740.04,2427.95,309.00,1291.49,17.07,2615.00,2.12,49.04,0.04,206.90


SARDAR SAROVAR,GUJARAT,138.68,454.99,116.67,382.78,115.1,377.62,110.84,363.65,5469.00,1817.55,93.99,5760.00,4.67,742.51,0.60,179.48


UKAI,GUJARAT,105.16,345.01,95,311.69,93.63,307.19,82.30,270.01,1080.00,813.08,294.45,6619.15,5.37,2606.28,2.11,84.44


GANDHI SAGAR,MADHYA PRADESH,399.90,1312.01,385.49,1264.72,381,1250.00,381.00,1250.00,420.48,725.00,72.32,6911.19,5.60,832.11,0.67,26.80


INDIRA SAGAR,MADHYA PRADESH,262.14,860.04,246.13,807.51,246.75,809.55,243.24,798.03,2628.00,1316.12,91.31,9706.00,7.87,714.26,0.58,105.71


BHIRA,MAHARASHTRA,606.03,1988.29,595.6,1954.07,593.21,1946.23,590.09,1935.99,790.00,618.80,178.64,522.76,0.42,150.92,0.12,34.22


KOYNA,MAHARASHTRA,657.91,2158.50,640.17,2100.30,633.93,2079.82,609.60,2000.00,3130.00,3126.10,1350.30,2677.14,2.17,1158.80,0.94,542.40


MACHKUND,ANDHRA PRADESH,838.20,2750.00,835.17,2740.06,830.02,2723.16,513.59,1685.01,670.00,551.60,401.64,892.55,0.72,649.90,0.53,75.98


NAGARJUN SAGAR,ANDHRA PRADESH,179.83,589.99,163.22,535.50,167.46,549.41,150.88,495.01,2237.00,1398.13,446.76,6537.80,5.30,2352.07,1.91,0.13


SRISAILAM,ANDHRA PRADESH,269.75,885.01,255.3,837.60,243.84,800.00,243.84,800.00,4300.00,1391.84,320.21,7105.96,5.76,1648.61,1.34,203.62

,508.73
ALMATTI,KARNATAKA,519.62,1704.79,508.44,1668.11,1669.06,505.97,1660.01,483.00,175.35,6.95,2631.50,2.13,126.47,0.10,0.84
,09-MAY-07

KALINDI SUPA,KARNATAKA,563.88,1850.00,528.58,1734.19,538.8,1767.72,513.52,1684.78,542.00,2885.00,501.47 133260.00,108.04,23075.89,18.71,78.13


SHARAVATHY,KARNATAKA,554.43,1819.00,537.71,1764.14,539.3,1769.36,522.73,1714.99,5564.00,4557.03,969.74,4297.08,3.48,914.42,0.74,858.44


IDAMALAYAR,KERALA,169.00,554.46,138.03,452.85,135.06,443.11,114.99,377.26,380.00,254.45,68.07,1017.80,0.83,276.86,0.22,52.67


IDUKKI,KERALA,732.35,2402.72,706.67,2318.47,705.33,2314.07,694.94,2279.99,2398.00,2146.32,471.60,1459.50,1.18,320.69,0.26,532.05
,DAILY REPORT OF HYDRO RESERVOIRS FOR,15-May-2008,2
,FULL,PRESENT,RESERVIOR,MIN. DRAW,ANNUAL,ENERGY ENERGY,EFF.,EFF. CAP,COMMULATIVE
,RESERVOIR,RESERVOIR,LEVEL ON,DOWN,DESIGN,CONTANT CONTANT,CAP.,AT,ENERGY
,RESERVOIR,STATE,LEVEL,LEVEL,THE SAME,LEVEL,POTEN-,AT,AT,AT,PRESENT,GEN. FROM
,DAY LAST,TIAL,F.R.L. PRESENT,F.R.L.,LEVEL,1ST. OF April
,YEAR,LEVEL
,M,FT,M,FT,M,FT,M,FT,MU,MU,MU,MCM,MAFT,MCM,MAFT

MADUPATTY,KERALA,1599.38,5247.31,1586.2,5204.07,1586.45,5204.89,1554.48,5100.00,6.40,77.40,34.45,55.32,0.04,24.43,0.02,0.00


SABRIGRI,KERALA,981.46,3220.01,954.09,3130.22,957.06,3139.96,908.30,2979.99,1338.00,764.00,234.81,446.26,0.36,146.18,0.12,232.33


KUNDAH GROUP,TAMIL NADU,1315.00,1270.00,501.00,346.50,0.28,450.42


METTURE,TAMIL NADU,240.79,789.99,234.47,769.26,238.15,781.33,211.23,693.01,790.00,204.00,121.78,2504.70,2.03,1662.74,1.35,884.74


PERIYAR,TAMIL NADU,46.33,152.00,40.54,133.01,36.97,121.29,33.53,110.01,409.00,216.00,102.03,273.51,0.22,127.12,0.10,0.00


BALIMELA,ORISSA,462.08,1516.01,444.76,1459.20,441.84,1449.61,438.91,1439.99,1183.00,897.75,148.77,2675.96,2.17,443.45,0.36,161.29


HIRAKUD,ORISSA,192.02,629.99,184.13,604.10,184.27,604.56,179.83,589.99,1174.00,372.28,62.93,4709.43,3.82,952.74,0.77,47.41


INDRAVATI,ORISSA,641.84,2105.77,627.2,2057.74,630.07,2067.16,625.00,2050.52,1962.00,1213.13,65.81,1485.50,1.20,157.61,0.13,275.44


RENGALI,ORISSA,123.44,404.99,110.76,363.39,113.19,371.36,109.72,359.97,525.00,275.00,4.77,3167.81,2.57,150.19,0.12,29.25


UPPER KOLAB,ORISSA,857.78,2814.24,846.65,2777.72,849.22,2786.15,843.78,2768.31,832.00,540.00,57.34,935.00,0.76,127.24,0.10,110.86


LOKTAK,MANIPUR,768.50,2521.33,767.44,2517.85,766.82,2515.81,766.01,2513.16,450.00,250.00,59.71,0.00,0.00,29.88


** BHAKRA - POTENTIAL OF 5282 MU INCLUDES THOSE OF GANGWAL AND KOTLA STATIONS AND CORRESPONDS TO A DRY YEAR. THE POTENTIAL FOR A DEPENDABLE YEAR IS 6057 MU.
*** INCLUDES GANGUWAL & KOTLA.
$ UKAI - THE POTENTIAL FOR DEPENDABLE YEAR DURING THE INITIAL YEAR IS 1080 MU AND WOULD REDUCE TO 605 MU AS AND WHEN UPSTREAM IRRIGATION DEVELOPS.
$$ ENERGY CONTENT AT GANDHI SAGAR INCLUDES FOR GENERATION AT R.P.SAGAR AND JAWAHAR SAGAR.
@ KOYNA - POTENTIAL OF 3523 MU IS CORRESPONDING TO 87 TMC OF WATER AVAILABLE FOR POWER GENERATION AS PER KRISHNA WATER DISPUTE TRIBUNAL AWARD FOR KOYNA I,II,III & IV.
* RANJIT SAGAR - ENERGY CONTENT AT F.R.L. WORKED OUT CONSIDERING NIL INFLOW IN THE RESERVIOR.
,DAILY REPORT OF HYDRO RESERVOIRS FOR,18-May-2008,1
,FULL,PRESENT,RESERVIOR,MIN. DRAW,ANNUAL,ENERGY ENERGY,EFF.,EFF. CAP,COMMULATIVE
,RESERVOIR,RESERVOIR,LEVEL ON,DOWN,DESIGN,CONTANT CONTANT,CAP.,AT,ENERGY
,RESERVOIR,STATE,LEVEL,LEVEL,THE SAME,LEVEL,POTEN-,AT,AT,AT,PRESENT,GEN. FROM
,DAY LAST,TIAL,F.R.L. PRESENT,F.R.L.,LEVEL,1ST. OF April
,YEAR,LEVEL
,M,FT,M,FT,M,FT,M,FT,MU,MU,MU,MCM,MAFT,MCM,MAFT

BHAKRA,PUNJAB,513.59,1685.01,461.96,1515.63,480.29,1575.75,445.62,1462.01,5282.00,1728.80,159.37,6516.07,5.28,762.47,0.62,361.35


PONG,PUNJAB,426.72,1400.00,392.04,1286.21,399.96,1312.20,384.05,1260.01,1123.00,1084.00,73.98,6946.00,5.63,624.78,0.51,52.15


RANJIT SAGAR,PUNJAB,527.91,1731.99,503.43,1651.67,511.85,1679.30,487.91,1600.75,1507.00,390.30,141.94,7199.17,5.84,632.41,0.51,95.73


R.P. SAGAR,RAJASTHAN,352.81,1157.51,351.94,1154.65,344.61,1130.61,343.81,1127.99,459.00,175.66,151.52,1568.98,1.27,1401.05,1.14,14.46


RIHAND,UTTAR PRADESH,268.22,879.99,254.87,836.20,254.08,833.60,252.98,829.99,920.00,860.50,71.40,5845.50,4.74,535.19,0.43,35.07


RAM GANGA,UTTARAKHAND,366.00,1200.79,330.06,1082.87,326.92,1072.57,323.00,1059.71,164.00,480.80,29.31,2109.25,1.71,199.76,0.16,102.91

,743,17-
TEHRI,UTTARAKHAND,829.79,2722.41,2437.66,741.75,2433.56,740.04,2427.95,309.00,1291.49,18.30,2615.00,2.12,52.54,0.04,217.13
,MAY-08

SARDAR SAROVAR,GUJARAT,138.68,454.99,116.27,381.46,114.88,376.90,110.84,363.65,5469.00,1817.55,133.18,5760.00,4.67,685.43,0.56,196.00


UKAI,GUJARAT,105.16,345.01,94.79,310.99,93.43,306.53,82.30,270.01,1080.00,813.08,287.53,6619.15,5.37,2533.78,2.05,89.38


GANDHI SAGAR,MADHYA PRADESH,399.90,1312.01,385.47,1264.67,381,1250.00,381.00,1250.00,420.48,725.00,72.02,6911.19,5.60,828.71,0.67,26.80


INDIRA SAGAR,MADHYA PRADESH,262.14,860.04,245.91,806.79,246.7,809.38,243.24,798.03,2628.00,1316.12,83.71,9706.00,7.87,654.84,0.53,113.35


BHIRA,MAHARASHTRA,606.03,1988.29,595.4,1953.41,592.92,1945.28,590.09,1935.99,790.00,618.80,171.35,522.76,0.42,144.75,0.12,36.16


KOYNA,MAHARASHTRA,657.91,2158.50,639.93,2099.50,633.32,2077.82,609.60,2000.00,3130.00,3126.10,1331.00,2677.14,2.17,1141.50,0.93,560.13


MACHKUND,ANDHRA PRADESH,838.20,2750.00,834.88,2739.11,829.77,2722.34,513.59,1685.01,670.00,551.60,390.14,892.55,0.72,631.28,0.51,81.28


NAGARJUN SAGAR,ANDHRA PRADESH,179.83,589.99,163.71,537.11,167.34,549.02,150.88,495.01,2237.00,1398.13,467.61,6537.80,5.30,2455.38,1.99,0.13


SRISAILAM,ANDHRA PRADESH,269.75,885.01,254.48,834.91,243.84,800.00,243.84,800.00,4300.00,1391.84,288.67,7105.96,5.76,1486.21,1.20,214.20

,508.78
ALMATTI,KARNATAKA,519.62,1704.79,508.44,1668.11,1669.23,505.97,1660.01,483.00,175.35,6.95,2631.50,2.13,126.47,0.10,0.84
,09-MAY-07

KALINDI SUPA,KARNATAKA,563.88,1850.00,527.57,1730.87,538.45,1766.57,513.52,1684.78,542.00,2885.00,458.83 133260.00,108.04,21106.18,17.11,83.32


SHARAVATHY,KARNATAKA,554.43,1819.00,537.16,1762.34,539.04,1768.50,522.73,1714.99,5564.00,4557.03,908.82,4297.08,3.48,856.98,0.69,916.64


IDAMALAYAR,KERALA,169.00,554.46,137.27,450.36,134.19,440.26,114.99,377.26,380.00,254.45,64.55,1017.80,0.83,262.65,0.21,56.33


IDUKKI,KERALA,732.35,2402.72,705.97,2316.17,704.67,2311.91,694.94,2279.99,2398.00,2146.32,440.72,1459.50,1.18,299.69,0.24,575.70
,DAILY REPORT OF HYDRO RESERVOIRS FOR,18-May-2008,2
,FULL,PRESENT,RESERVIOR,MIN. DRAW,ANNUAL,ENERGY ENERGY,EFF.,EFF. CAP,COMMULATIVE
,RESERVOIR,RESERVOIR,LEVEL ON,DOWN,DESIGN,CONTANT CONTANT,CAP.,AT,ENERGY
,RESERVOIR,STATE,LEVEL,LEVEL,THE SAME,LEVEL,POTEN-,AT,AT,AT,PRESENT,GEN. FROM
,DAY LAST,TIAL,F.R.L. PRESENT,F.R.L.,LEVEL,1ST. OF April
,YEAR,LEVEL
,M,FT,M,FT,M,FT,M,FT,MU,MU,MU,MCM,MAFT,MCM,MAFT

MADUPATTY,KERALA,1599.38,5247.31,1586.7,5205.71,1586.25,5204.23,1554.48,5100.00,6.40,77.40,35.86,55.32,0.04,25.43,0.02,0.00


SABRIGRI,KERALA,981.46,3220.01,953.7,3128.94,955.98,3136.42,908.30,2979.99,1338.00,764.00,230.44,446.26,0.36,143.13,0.12,242.83


KUNDAH GROUP,TAMIL NADU,1315.00,1270.00,468.00,346.50,0.28,476.39


METTURE,TAMIL NADU,240.79,789.99,234.6,769.69,238.22,781.56,211.23,693.01,790.00,204.00,123.06,2504.70,2.03,1680.70,1.36,945.22


PERIYAR,TAMIL NADU,46.33,152.00,40.54,133.01,36.94,121.19,33.53,110.01,409.00,216.00,102.03,273.51,0.22,127.12,0.10,0.00


BALIMELA,ORISSA,462.08,1516.01,444.4,1458.00,441.66,1449.02,438.91,1439.99,1183.00,897.75,138.51,2675.96,2.17,412.86,0.33,171.28


HIRAKUD,ORISSA,192.02,629.99,183.91,603.37,184.07,603.90,179.83,589.99,1174.00,372.28,58.57,4709.43,3.82,883.32,0.72,52.47


INDRAVATI,ORISSA,641.84,2105.77,627.01,2057.12,629.8,2066.27,625.00,2050.52,1962.00,1213.13,60.50,1485.50,1.20,144.79,0.12,284.67


RENGALI,ORISSA,123.44,404.99,110.66,363.06,112.98,370.67,109.72,359.97,525.00,275.00,4.12,3167.81,2.57,135.64,0.11,29.68


UPPER KOLAB,ORISSA,857.78,2814.24,846.27,2776.48,849.13,2785.86,843.78,2768.31,832.00,540.00,49.73,935.00,0.76,114.18,0.09,118.70


LOKTAK,MANIPUR,768.50,2521.33,767.43,2517.81,766.8,2515.75,766.01,2513.16,450.00,250.00,58.91,0.00,0.00,31.17


** BHAKRA - POTENTIAL OF 5282 MU INCLUDES THOSE OF GANGWAL AND KOTLA STATIONS AND CORRESPONDS TO A DRY YEAR. THE POTENTIAL FOR A DEPENDABLE YEAR IS 6057 MU.
*** INCLUDES GANGUWAL & KOTLA.
$ UKAI - THE POTENTIAL FOR DEPENDABLE YEAR DURING THE INITIAL YEAR IS 1080 MU AND WOULD REDUCE TO 605 MU AS AND WHEN UPSTREAM IRRIGATION DEVELOPS.
$$ ENERGY CONTENT AT GANDHI SAGAR INCLUDES FOR GENERATION AT R.P.SAGAR AND JAWAHAR SAGAR.
@ KOYNA - POTENTIAL OF 3523 MU IS CORRESPONDING TO 87 TMC OF WATER AVAILABLE FOR POWER GENERATION AS PER KRISHNA WATER DISPUTE TRIBUNAL AWARD FOR KOYNA I,II,III & IV.
* RANJIT SAGAR - ENERGY CONTENT AT F.R.L. WORKED OUT CONSIDERING NIL INFLOW IN THE RESERVIOR.
,DAILY REPORT OF HYDRO RESERVOIRS FOR,20-May-2008,1
,FULL,PRESENT,RESERVIOR,MIN. DRAW,ANNUAL,ENERGY ENERGY,EFF.,EFF. CAP,COMMULATIVE
,RESERVOIR,RESERVOIR,LEVEL ON,DOWN,DESIGN,CONTANT CONTANT,CAP.,AT,ENERGY
,RESERVOIR,STATE,LEVEL,LEVEL,THE SAME,LEVEL,POTEN-,AT,AT,AT,PRESENT,GEN. FROM
,DAY LAST,TIAL,F.R.L. PRESENT,F.R.L.,LEVEL,1ST. OF April
,YEAR,LEVEL
,M,FT,M,FT,M,FT,M,FT,MU,MU,MU,MCM,MAFT,MCM,MAFT
,480.29
BHAKRA,PUNJAB,513.59,1685.01,462.44,1517.20,1575.75,445.62,1462.01,5282.00,1728.80,164.82,6516.07,5.28,786.76,0.64,383.91
,18-MAY-07

PONG,PUNJAB,426.72,1400.00,391.81,1285.45,399.96,1312.20,384.05,1260.01,1123.00,1084.00,71.16,6946.00,5.63,602.24,0.49,55.53


RANJIT SAGAR,PUNJAB,527.91,1731.99,504.01,1653.58,521.64,1711.42,487.91,1600.75,1507.00,390.30,148.91,7199.17,5.84,660.80,0.54,99.53

,344.61
R.P. SAGAR,RAJASTHAN,352.81,1157.51,352,1154.84,1130.61,343.81,1127.99,459.00,175.66,152.89,1568.98,1.27,1412.53,1.15,14.46
,18-MAY-07

RIHAND,UTTAR PRADESH,268.22,879.99,254.81,836.00,254.72,835.70,252.98,829.99,920.00,860.50,69.25,5845.50,4.74,519.60,0.42,36.26


RAM GANGA,UTTARAKHAND,366.00,1200.79,323.31,1060.73,323,1059.71,323.00,1059.71,164.00,480.80,1.08,2109.25,1.71,105.72


TEHRI,UTTARAKHAND,829.79,2722.41,743.3,2438.65,742.2,2435.04,740.04,2427.95,309.00,1291.49,20.17,2615.00,2.12,57.79,0.05,224.85


SARDAR SAROVAR,GUJARAT,138.68,454.99,116.05,380.74,114.8,376.64,110.84,363.65,5469.00,1817.55,154.73,5760.00,4.67,654.04,0.53,208.45

,93.43
UKAI,GUJARAT,105.16,345.01,94.64,310.50,306.53,82.30,270.01,1080.00,813.08,282.68,6619.15,5.37,2484.22,2.01,92.82
,18-MAY-07

GANDHI SAGAR,MADHYA PRADESH,399.90,1312.01,385.47,1264.65,381,1250.00,381.00,1250.00,420.48,725.00,71.90,6911.19,5.60,827.36,0.67,26.80


INDIRA SAGAR,MADHYA PRADESH,262.14,860.04,245.79,806.40,248.83,816.37,243.24,798.03,2628.00,1316.12,79.59,9706.00,7.87,622.61,0.50,120.07


BHIRA,MAHARASHTRA,606.03,1988.29,595.33,1953.18,592.83,1944.98,590.09,1935.99,790.00,618.80,168.83,522.76,0.42,142.63,0.12,36.94

,639.84,633.32
KOYNA,MAHARASHTRA,657.91,2158.50,2099.20,2077.82,609.60,2000.00,3130.00,3126.10,1323.20,2677.14,2.17,1134.00,0.92,581.80
,19-MAY-08,18-MAY-07

MACHKUND,ANDHRA PRADESH,838.20,2750.00,834.94,2739.30,829.03,2719.91,513.59,1685.01,670.00,551.60,392.47,892.55,0.72,635.06,0.51,83.41

,167.34
NAGARJUN SAGAR,ANDHRA PRADESH,179.83,589.99,164.17,538.62,549.02,150.88,495.01,2237.00,1398.13,487.35,6537.80,5.30,2553.19,2.07,0.13
,18-MAY-07
,243.84
SRISAILAM,ANDHRA PRADESH,269.75,885.01,253.81,832.71,800.00,243.84,800.00,4300.00,1391.84,264.00,7105.96,5.76,1358.58,1.10,219.36
,18-MAY-07
,508.78
ALMATTI,KARNATAKA,519.62,1704.79,508.44,1668.11,1669.23,505.97,1660.01,483.00,175.35,6.95,2631.50,2.13,126.47,0.10,0.84
,09-MAY-07

KALINDI SUPA,KARNATAKA,563.88,1850.00,526.89,1728.64,530.98,1742.06,513.52,1684.78,542.00,2885.00,430.26 133260.00,108.04,19791.40,16.05,86.60


SHARAVATHY,KARNATAKA,554.43,1819.00,536.77,1761.06,536.6,1760.50,522.73,1714.99,5564.00,4557.03,865.66,4297.08,3.48,816.28,0.66,955.20

,134.19
IDAMALAYAR,KERALA,169.00,554.46,136.74,448.62,440.26,114.99,377.26,380.00,254.45,62.13,1017.80,0.83,252.74,0.20,58.77
,18-MAY-07

IDUKKI,KERALA,732.35,2402.72,705.32,2314.04,705.77,2315.52,694.94,2279.99,2398.00,2146.32,412.03,1459.50,1.18,280.18,0.23,606.93
,DAILY REPORT OF HYDRO RESERVOIRS FOR,20-May-2008,2
,FULL,PRESENT,RESERVIOR,MIN. DRAW,ANNUAL,ENERGY ENERGY,EFF.,EFF. CAP,COMMULATIVE
,RESERVOIR,RESERVOIR,LEVEL ON,DOWN,DESIGN,CONTANT CONTANT,CAP.,AT,ENERGY
,RESERVOIR,STATE,LEVEL,LEVEL,THE SAME,LEVEL,POTEN-,AT,AT,AT,PRESENT,GEN. FROM
,DAY LAST,TIAL,F.R.L. PRESENT,F.R.L.,LEVEL,1ST. OF April
,YEAR,LEVEL
,M,FT,M,FT,M,FT,M,FT,MU,MU,MU,MCM,MAFT,MCM,MAFT
,1586.25
MADUPATTY,KERALA,1599.38,5247.31,1587,5206.69,5204.23,1554.48,5100.00,6.40,77.40,36.71,55.32,0.04,26.03,0.02,0.00
,18-MAY-07

SABRIGRI,KERALA,981.46,3220.01,953.7,3128.94,943.62,3095.87,908.30,2979.99,1338.00,764.00,230.44,446.26,0.36,143.13,0.12,242.83


KUNDAH GROUP,TAMIL NADU,1315.00,1270.00,456.00,346.50,0.28,493.96

,238.22
METTURE,TAMIL NADU,240.79,789.99,234.61,769.72,781.56,211.23,693.01,790.00,204.00,123.15,2504.70,2.03,1682.09,1.36,985.46
,18-MAY-07

PERIYAR,TAMIL NADU,46.33,152.00,40.54,133.01,36.94,121.19,33.53,110.01,409.00,216.00,102.03,273.51,0.22,127.12,0.10,0.00


BALIMELA,ORISSA,462.08,1516.01,444.22,1457.40,448.12,1470.21,438.91,1439.99,1183.00,897.75,133.38,2675.96,2.17,397.57,0.32,173.57


HIRAKUD,ORISSA,192.02,629.99,183.79,602.97,185.22,607.68,179.83,589.99,1174.00,372.28,56.22,4709.43,3.82,846.09,0.69,54.59


INDRAVATI,ORISSA,641.84,2105.77,626.96,2056.96,630.35,2068.08,625.00,2050.52,1962.00,1213.13,59.11,1485.50,1.20,141.42,0.11,287.26


RENGALI,ORISSA,123.44,404.99,110.59,362.83,115.01,377.33,109.72,359.97,525.00,275.00,3.66,3167.81,2.57,125.44,0.10,30.25


UPPER KOLAB,ORISSA,857.78,2814.24,846.14,2776.05,848.46,2783.66,843.78,2768.31,832.00,540.00,47.13,935.00,0.76,109.72,0.09,120.88

,766.8
LOKTAK,MANIPUR,768.50,2521.33,767.44,2517.85,2515.75,766.01,2513.16,450.00,250.00,59.71,0.00,0.00,32.13
,18-MAY-07

** BHAKRA - POTENTIAL OF 5282 MU INCLUDES THOSE OF GANGWAL AND KOTLA STATIONS AND CORRESPONDS TO A DRY YEAR. THE POTENTIAL FOR A DEPENDABLE YEAR IS 6057 MU.
*** INCLUDES GANGUWAL & KOTLA.
$ UKAI - THE POTENTIAL FOR DEPENDABLE YEAR DURING THE INITIAL YEAR IS 1080 MU AND WOULD REDUCE TO 605 MU AS AND WHEN UPSTREAM IRRIGATION DEVELOPS.
$$ ENERGY CONTENT AT GANDHI SAGAR INCLUDES FOR GENERATION AT R.P.SAGAR AND JAWAHAR SAGAR.
@ KOYNA - POTENTIAL OF 3523 MU IS CORRESPONDING TO 87 TMC OF WATER AVAILABLE FOR POWER GENERATION AS PER KRISHNA WATER DISPUTE TRIBUNAL AWARD FOR KOYNA I,II,III & IV.
* RANJIT SAGAR - ENERGY CONTENT AT F.R.L. WORKED OUT CONSIDERING NIL INFLOW IN THE RESERVIOR.
,DAILY REPORT OF HYDRO RESERVOIRS FOR,21-May-2008,1
,FULL,PRESENT,RESERVIOR,MIN. DRAW,ANNUAL,ENERGY ENERGY,EFF.,EFF. CAP,COMMULATIVE
,RESERVOIR,RESERVOIR,LEVEL ON,DOWN,DESIGN,CONTANT CONTANT,CAP.,AT,ENERGY
,RESERVOIR,STATE,LEVEL,LEVEL,THE SAME,LEVEL,POTEN-,AT,AT,AT,PRESENT,GEN. FROM
,DAY LAST,TIAL,F.R.L. PRESENT,F.R.L.,LEVEL,1ST. OF April
,YEAR,LEVEL
,M,FT,M,FT,M,FT,M,FT,MU,MU,MU,MCM,MAFT,MCM,MAFT

BHAKRA,PUNJAB,513.59,1685.01,462.83,1518.46,481.07,1578.31,445.62,1462.01,5282.00,1728.80,169.26,6516.07,5.28,806.25,0.65,393.01


PONG,PUNJAB,426.72,1400.00,391.69,1285.07,399.38,1310.30,384.05,1260.01,1123.00,1084.00,69.76,6946.00,5.63,590.97,0.48,57.56


RANJIT SAGAR,PUNJAB,527.91,1731.99,504.24,1654.33,512.76,1682.28,487.91,1600.75,1507.00,390.30,151.69,7199.17,5.84,672.07,0.54,102.04


R.P. SAGAR,RAJASTHAN,352.81,1157.51,351.99,1154.81,344.6,1130.58,343.81,1127.99,459.00,175.66,152.67,1568.98,1.27,1410.72,1.14,14.46


RIHAND,UTTAR PRADESH,268.22,879.99,254.81,836.00,253.9,833.01,252.98,829.99,920.00,860.50,69.25,5845.50,4.74,519.60,0.42,36.63


RAM GANGA,UTTARAKHAND,366.00,1200.79,329.2,1080.05,326.35,1070.70,323.00,1059.71,164.00,480.80,25.39,2109.25,1.71,177.73,0.14,106.56


TEHRI,UTTARAKHAND,829.79,2722.41,743.25,2438.48,742.35,2435.53,740.04,2427.95,309.00,1291.49,19.86,2615.00,2.12,56.91,0.05,228.91


SARDAR SAROVAR,GUJARAT,138.68,454.99,116,380.58,114.8,376.64,110.84,363.65,5469.00,1817.55,159.63,5760.00,4.67,646.91,0.52,213.18


UKAI,GUJARAT,105.16,345.01,94.57,310.27,93.2,305.77,82.30,270.01,1080.00,813.08,280.41,6619.15,5.37,2460.95,2.00,94.45

,381
GANDHI SAGAR,MADHYA PRADESH,399.90,1312.01,385.46,1264.64,1250.00,381.00,1250.00,420.48,725.00,71.84,6911.19,5.60,826.68,0.67,26.80
,18-MAY-07

INDIRA SAGAR,MADHYA PRADESH,262.14,860.04,245.7,806.10,246.58,808.99,243.24,798.03,2628.00,1316.12,76.53,9706.00,7.87,598.70,0.49,122.90


BHIRA,MAHARASHTRA,606.03,1988.29,595.25,1952.92,592.82,1944.95,590.09,1935.99,790.00,618.80,165.97,522.76,0.42,140.21,0.11,37.75


KOYNA,MAHARASHTRA,657.91,2158.50,639.53,2098.20,632.92,2076.51,609.60,2000.00,3130.00,3126.10,1297.20,2677.14,2.17,1111.40,0.90,594.24


MACHKUND,ANDHRA PRADESH,838.20,2750.00,834.88,2739.11,829.45,2721.29,513.59,1685.01,670.00,551.60,390.14,892.55,0.72,631.28,0.51,84.82


NAGARJUN SAGAR,ANDHRA PRADESH,179.83,589.99,164.35,539.21,166.88,547.51,150.88,495.01,2237.00,1398.13,494.99,6537.80,5.30,2591.08,2.10,0.13


SRISAILAM,ANDHRA PRADESH,269.75,885.01,253.56,831.89,245,803.81,243.84,800.00,4300.00,1391.84,255.05,7105.96,5.76,1311.16,1.06,222.39

,508.44,508.78
ALMATTI,KARNATAKA,519.62,1704.79,1668.11,1669.23,505.97,1660.01,483.00,175.35,6.95,2631.50,2.13,126.47,0.10,0.84
,20-MAY-08,20-MAY-07

KALINDI SUPA,KARNATAKA,563.88,1850.00,526.49,1727.33,538.05,1765.26,513.52,1684.78,542.00,2885.00,413.52 133260.00,108.04,19037.24,15.43,88.36


SHARAVATHY,KARNATAKA,554.43,1819.00,536.57,1760.40,538.8,1767.72,522.73,1714.99,5564.00,4557.03,843.44,4297.08,3.48,795.32,0.64,972.10


IDAMALAYAR,KERALA,169.00,554.46,136.48,447.77,133.53,438.09,114.99,377.26,380.00,254.45,60.96,1017.80,0.83,247.87,0.20,59.84


IDUKKI,KERALA,732.35,2402.72,705.04,2313.12,704.07,2309.94,694.94,2279.99,2398.00,2146.32,399.67,1459.50,1.18,271.77,0.22,619.31
,DAILY REPORT OF HYDRO RESERVOIRS FOR,21-May-2008,2
,FULL,PRESENT,RESERVIOR,MIN. DRAW,ANNUAL,ENERGY ENERGY,EFF.,EFF. CAP,COMMULATIVE
,RESERVOIR,RESERVOIR,LEVEL ON,DOWN,DESIGN,CONTANT CONTANT,CAP.,AT,ENERGY
,RESERVOIR,STATE,LEVEL,LEVEL,THE SAME,LEVEL,POTEN-,AT,AT,AT,PRESENT,GEN. FROM
,DAY LAST,TIAL,F.R.L. PRESENT,F.R.L.,LEVEL,1ST. OF April
,YEAR,LEVEL
,M,FT,M,FT,M,FT,M,FT,MU,MU,MU,MCM,MAFT,MCM,MAFT

MADUPATTY,KERALA,1599.38,5247.31,1587.1,5207.02,1585.95,5203.25,1554.48,5100.00,6.40,77.40,36.99,55.32,0.04,26.23,0.02,0.00


SABRIGRI,KERALA,981.46,3220.01,953.7,3128.94,954.9,3132.87,908.30,2979.99,1338.00,764.00,230.44,446.26,0.36,143.13,0.12,242.83


KUNDAH GROUP,TAMIL NADU,1315.00,1270.00,441.00,346.50,0.28,503.58


METTURE,TAMIL NADU,240.79,789.99,234.62,769.75,238.51,782.51,211.23,693.01,790.00,204.00,123.25,2504.70,2.03,1683.48,1.36,1002.88


PERIYAR,TAMIL NADU,46.33,152.00,40.57,133.10,36.97,121.29,33.53,110.01,409.00,216.00,102.62,273.51,0.22,127.78,0.10,0.00


BALIMELA,ORISSA,462.08,1516.01,444.12,1457.10,441.51,1448.52,438.91,1439.99,1183.00,897.75,130.82,2675.96,2.17,389.93,0.32,175.06


HIRAKUD,ORISSA,192.02,629.99,183.74,602.81,183.83,603.12,179.83,589.99,1174.00,372.28,55.29,4709.43,3.82,832.47,0.67,55.51


INDRAVATI,ORISSA,641.84,2105.77,626.95,2056.92,629.41,2064.99,625.00,2050.52,1962.00,1213.13,58.84,1485.50,1.20,140.76,0.11,289.25


RENGALI,ORISSA,123.44,404.99,110.59,362.83,112.9,370.41,109.72,359.97,525.00,275.00,3.66,3167.81,2.57,125.44,0.10,30.61

,849.13
UPPER KOLAB,ORISSA,857.78,2814.24,846.09,2775.89,2785.86,843.78,2768.31,832.00,540.00,46.13,935.00,0.76,108.00,0.09,122.24
,18-MAY-07

LOKTAK,MANIPUR,768.50,2521.33,767.43,2517.81,766.79,2515.72,766.01,2513.16,450.00,250.00,58.91,0.00,0.00,32.50


** BHAKRA - POTENTIAL OF 5282 MU INCLUDES THOSE OF GANGWAL AND KOTLA STATIONS AND CORRESPONDS TO A DRY YEAR. THE POTENTIAL FOR A DEPENDABLE YEAR IS 6057 MU.
*** INCLUDES GANGUWAL & KOTLA.
$ UKAI - THE POTENTIAL FOR DEPENDABLE YEAR DURING THE INITIAL YEAR IS 1080 MU AND WOULD REDUCE TO 605 MU AS AND WHEN UPSTREAM IRRIGATION DEVELOPS.
$$ ENERGY CONTENT AT GANDHI SAGAR INCLUDES FOR GENERATION AT R.P.SAGAR AND JAWAHAR SAGAR.
@ KOYNA - POTENTIAL OF 3523 MU IS CORRESPONDING TO 87 TMC OF WATER AVAILABLE FOR POWER GENERATION AS PER KRISHNA WATER DISPUTE TRIBUNAL AWARD FOR KOYNA I,II,III & IV.
* RANJIT SAGAR - ENERGY CONTENT AT F.R.L. WORKED OUT CONSIDERING NIL INFLOW IN THE RESERVIOR.
,DAILY REPORT OF HYDRO RESERVOIRS FOR,22-May-2008,1
,FULL,PRESENT,RESERVIOR,MIN. DRAW,ANNUAL,ENERGY ENERGY,EFF.,EFF. CAP,COMMULATIVE
,RESERVOIR,RESERVOIR,LEVEL ON,DOWN,DESIGN,CONTANT CONTANT,CAP.,AT,ENERGY
,RESERVOIR,STATE,LEVEL,LEVEL,THE SAME,LEVEL,POTEN-,AT,AT,AT,PRESENT,GEN. FROM
,DAY LAST,TIAL,F.R.L. PRESENT,F.R.L.,LEVEL,1ST. OF April
,YEAR,LEVEL
,M,FT,M,FT,M,FT,M,FT,MU,MU,MU,MCM,MAFT,MCM,MAFT

BHAKRA,PUNJAB,513.59,1685.01,463.27,1519.92,481.22,1578.81,445.62,1462.01,5282.00,1728.80,174.41,6516.07,5.28,828.82,0.67,401.09


PONG,PUNJAB,426.72,1400.00,391.58,1284.72,399.22,1309.78,384.05,1260.01,1123.00,1084.00,68.46,6946.00,5.63,580.58,0.47,59.58


RANJIT SAGAR,PUNJAB,527.91,1731.99,504.97,1656.73,513,1683.07,487.91,1600.75,1507.00,390.30,160.53,7199.17,5.84,707.80,0.57,103.73


R.P. SAGAR,RAJASTHAN,352.81,1157.51,351.97,1154.77,344.61,1130.61,343.81,1127.99,459.00,175.66,152.38,1568.98,1.27,1408.30,1.14,14.46


RIHAND,UTTAR PRADESH,268.22,879.99,254.78,835.90,253.96,833.20,252.98,829.99,920.00,860.50,67.82,5845.50,4.74,511.81,0.41,37.16

,329.2,21
RAM GANGA,UTTARAKHAND,366.00,1200.79,1080.05,326.26,1070.41,323.00,1059.71,164.00,480.80,25.39,2109.25,1.71,177.73,0.14,107.40
,-MAY-08

TEHRI,UTTARAKHAND,829.79,2722.41,743.2,2438.32,742.55,2436.19,740.04,2427.95,309.00,1291.49,19.55,2615.00,2.12,56.04,0.05,232.39


SARDAR SAROVAR,GUJARAT,138.68,454.99,115.88,380.18,114.65,376.15,110.84,363.65,5469.00,1817.55,155.25,5760.00,4.67,629.78,0.51,218.62


UKAI,GUJARAT,105.16,345.01,94.52,310.09,93.12,305.51,82.30,270.01,1080.00,813.08,278.63,6619.15,5.37,2442.74,1.98,95.70

,381
GANDHI SAGAR,MADHYA PRADESH,399.90,1312.01,385.52,1264.83,1250.00,381.00,1250.00,420.48,725.00,72.98,6911.19,5.60,839.57,0.68,26.82
,21-MAY-07

INDIRA SAGAR,MADHYA PRADESH,262.14,860.04,246.61,809.09,246.53,808.83,243.24,798.03,2628.00,1316.12,108.94,9706.00,7.87,852.42,0.69,127.41


BHIRA,MAHARASHTRA,606.03,1988.29,595.15,1952.59,592.26,1943.11,590.09,1935.99,790.00,618.80,162.39,522.76,0.42,137.18,0.11,38.94

,639.53
KOYNA,MAHARASHTRA,657.91,2158.50,2098.20,632.8,2076.12,609.60,2000.00,3130.00,3126.10,1297.20,2677.14,2.17,1111.40,0.90,608.72
,21-MAY-08

MACHKUND,ANDHRA PRADESH,838.20,2750.00,834.86,2739.04,829.37,2721.03,513.59,1685.01,670.00,551.60,389.35,892.55,0.72,630.01,0.51,86.23


NAGARJUN SAGAR,ANDHRA PRADESH,179.83,589.99,164.5,539.70,166.76,547.11,150.88,495.01,2237.00,1398.13,501.51,6537.80,5.30,2623.38,2.13,0.13


SRISAILAM,ANDHRA PRADESH,269.75,885.01,252.95,829.89,245.58,805.71,243.84,800.00,4300.00,1391.84,233.92,7105.96,5.76,1204.34,0.98,226.34


ALMATTI,KARNATAKA,519.62,1704.79,508.44,1668.11,519.62,1704.79,505.97,1660.01,483.00,175.35,6.95,2631.50,2.13,126.47,0.10,0.84


KALINDI SUPA,KARNATAKA,563.88,1850.00,526.07,1725.95,537.92,1764.83,513.52,1684.78,542.00,2885.00,396.72 133260.00,108.04,18254.13,14.80,90.11


SHARAVATHY,KARNATAKA,554.43,1819.00,536.36,1759.71,538.7,1767.39,522.73,1714.99,5564.00,4557.03,821.23,4297.08,3.48,774.39,0.63,989.15


IDAMALAYAR,KERALA,169.00,554.46,136.32,447.24,133.31,437.37,114.99,377.26,380.00,254.45,60.24,1017.80,0.83,244.88,0.20,60.69


IDUKKI,KERALA,732.35,2402.72,704.85,2312.50,703.93,2309.48,694.94,2279.99,2398.00,2146.32,391.29,1459.50,1.18,266.07,0.22,630.76
,DAILY REPORT OF HYDRO RESERVOIRS FOR,22-May-2008,2
,FULL,PRESENT,RESERVIOR,MIN. DRAW,ANNUAL,ENERGY ENERGY,EFF.,EFF. CAP,COMMULATIVE
,RESERVOIR,RESERVOIR,LEVEL ON,DOWN,DESIGN,CONTANT CONTANT,CAP.,AT,ENERGY
,RESERVOIR,STATE,LEVEL,LEVEL,THE SAME,LEVEL,POTEN-,AT,AT,AT,PRESENT,GEN. FROM
,DAY LAST,TIAL,F.R.L. PRESENT,F.R.L.,LEVEL,1ST. OF April
,YEAR,LEVEL
,M,FT,M,FT,M,FT,M,FT,MU,MU,MU,MCM,MAFT,MCM,MAFT

MADUPATTY,KERALA,1599.38,5247.31,1587.2,5207.35,1585.8,5202.76,1554.48,5100.00,6.40,77.40,37.27,55.32,0.04,26.43,0.02,0.00


SABRIGRI,KERALA,981.46,3220.01,953.7,3128.94,954.48,3131.50,908.30,2979.99,1338.00,764.00,230.44,446.26,0.36,143.13,0.12,242.83


KUNDAH GROUP,TAMIL NADU,1315.00,1270.00,434.00,346.50,0.28,513.56


METTURE,TAMIL NADU,240.79,789.99,234.63,769.78,238.65,782.97,211.23,693.01,790.00,204.00,123.35,2504.70,2.03,1684.83,1.37,1020.83


PERIYAR,TAMIL NADU,46.33,152.00,40.57,133.10,36.97,121.29,33.53,110.01,409.00,216.00,102.62,273.51,0.22,127.78,0.10,0.00


BALIMELA,ORISSA,462.08,1516.01,444.03,1456.80,441.48,1448.43,438.91,1439.99,1183.00,897.75,128.25,2675.96,2.17,382.28,0.31,175.96


HIRAKUD,ORISSA,192.02,629.99,183.69,602.65,183.94,603.48,179.83,589.99,1174.00,372.28,54.35,4709.43,3.82,818.85,0.66,56.32


INDRAVATI,ORISSA,641.84,2105.77,626.93,2056.86,629.33,2064.73,625.00,2050.52,1962.00,1213.13,58.28,1485.50,1.20,139.40,0.11,290.61


RENGALI,ORISSA,123.44,404.99,110.54,362.66,112.86,370.28,109.72,359.97,525.00,275.00,3.33,3167.81,2.57,118.16,0.10,30.76


UPPER KOLAB,ORISSA,857.78,2814.24,846.09,2775.89,849.07,2785.66,843.78,2768.31,832.00,540.00,46.13,935.00,0.76,108.00,0.09,123.46


LOKTAK,MANIPUR,768.50,2521.33,767.38,2517.65,766.78,2515.68,766.01,2513.16,450.00,250.00,54.93,0.00,0.00,32.95


** BHAKRA - POTENTIAL OF 5282 MU INCLUDES THOSE OF GANGWAL AND KOTLA STATIONS AND CORRESPONDS TO A DRY YEAR. THE POTENTIAL FOR A DEPENDABLE YEAR IS 6057 MU.
*** INCLUDES GANGUWAL & KOTLA.
$ UKAI - THE POTENTIAL FOR DEPENDABLE YEAR DURING THE INITIAL YEAR IS 1080 MU AND WOULD REDUCE TO 605 MU AS AND WHEN UPSTREAM IRRIGATION DEVELOPS.
$$ ENERGY CONTENT AT GANDHI SAGAR INCLUDES FOR GENERATION AT R.P.SAGAR AND JAWAHAR SAGAR.
@ KOYNA - POTENTIAL OF 3523 MU IS CORRESPONDING TO 87 TMC OF WATER AVAILABLE FOR POWER GENERATION AS PER KRISHNA WATER DISPUTE TRIBUNAL AWARD FOR KOYNA I,II,III & IV.
* RANJIT SAGAR - ENERGY CONTENT AT F.R.L. WORKED OUT CONSIDERING NIL INFLOW IN THE RESERVIOR.
,DAILY REPORT OF HYDRO RESERVOIRS FOR,25-May-2008,1
,FULL,PRESENT,RESERVIOR,MIN. DRAW,ANNUAL,ENERGY ENERGY,EFF.,EFF. CAP,COMMULATIVE
,RESERVOIR,RESERVOIR,LEVEL ON,DOWN,DESIGN,CONTANT CONTANT,CAP.,AT,ENERGY
,RESERVOIR,STATE,LEVEL,LEVEL,THE SAME,LEVEL,POTEN-,AT,AT,AT,PRESENT,GEN. FROM
,DAY LAST,TIAL,F.R.L. PRESENT,F.R.L.,LEVEL,1ST. OF April
,YEAR,LEVEL
,M,FT,M,FT,M,FT,M,FT,MU,MU,MU,MCM,MAFT,MCM,MAFT

BHAKRA,PUNJAB,513.59,1685.01,464.43,1523.73,481.96,1581.23,445.62,1462.01,5282.00,1728.80,190.67,6516.07,5.28,900.54,0.73,425.51


PONG,PUNJAB,426.72,1400.00,391.78,1285.36,398.98,1308.99,384.05,1260.01,1123.00,1084.00,70.83,6946.00,5.63,599.57,0.49,65.63


RANJIT SAGAR,PUNJAB,527.91,1731.99,505.72,1659.19,513.85,1685.86,487.91,1600.75,1507.00,390.30,169.53,7199.17,5.84,744.50,0.60,108.84


R.P. SAGAR,RAJASTHAN,352.81,1157.51,351.96,1154.74,344.6,1130.58,343.81,1127.99,459.00,175.66,152.17,1568.98,1.27,1406.49,1.14,14.46


RIHAND,UTTAR PRADESH,268.22,879.99,254.78,835.90,253.9,833.01,252.98,829.99,920.00,860.50,67.82,5845.50,4.74,511.81,0.41,38.22


RAM GANGA,UTTARAKHAND,366.00,1200.79,328.6,1078.08,325.83,1069.00,323.00,1059.71,164.00,480.80,22.73,2109.25,1.71,158.06,0.13,109.92

,742.55
TEHRI,UTTARAKHAND,829.79,2722.41,743,2437.66,2436.19,740.04,2427.95,309.00,1291.49,18.30,2615.00,2.12,52.54,0.04,244.32
,22-MAY-07

SARDAR SAROVAR,GUJARAT,138.68,454.99,115.82,379.99,114.71,376.35,110.84,363.65,5469.00,1817.55,153.04,5760.00,4.67,621.18,0.50,232.80


UKAI,GUJARAT,105.16,345.01,94.35,309.55,92.89,304.76,82.30,270.01,1080.00,813.08,273.45,6619.15,5.37,2389.23,1.94,99.25


GANDHI SAGAR,MADHYA PRADESH,399.90,1312.01,385.45,1264.60,381,1250.00,381.00,1250.00,420.48,725.00,71.60,6911.19,5.60,823.96,0.67,26.86


INDIRA SAGAR,MADHYA PRADESH,262.14,860.04,245.33,804.89,246.18,807.68,243.24,798.03,2628.00,1316.12,63.98,9706.00,7.87,500.63,0.41,139.52


BHIRA,MAHARASHTRA,606.03,1988.29,594.9,1951.77,592.47,1943.80,590.09,1935.99,790.00,618.80,153.45,522.76,0.42,129.64,0.11,41.52


KOYNA,MAHARASHTRA,657.91,2158.50,638.62,2095.20,632.35,2074.64,609.60,2000.00,3130.00,3126.10,1232.00,2677.14,2.17,1054.80,0.86,653.35


MACHKUND,ANDHRA PRADESH,838.20,2750.00,834.73,2738.62,829.15,2720.31,513.59,1685.01,670.00,551.60,384.20,892.55,0.72,621.68,0.50,90.98


NAGARJUN SAGAR,ANDHRA PRADESH,179.83,589.99,164.71,540.39,166.45,546.10,150.88,495.01,2237.00,1398.13,511.07,6537.80,5.30,2669.26,2.16,0.13


SRISAILAM,ANDHRA PRADESH,269.75,885.01,252.16,827.30,246.4,808.40,243.84,800.00,4300.00,1391.84,207.69,7105.96,5.76,1069.32,0.87,235.09

,508.44,519.62
ALMATTI,KARNATAKA,519.62,1704.79,1668.11,1704.79,505.97,1660.01,483.00,175.35,6.95,2631.50,2.13,126.47,0.10,0.84
,22-MAY-08,22-MAY-07

KALINDI SUPA,KARNATAKA,563.88,1850.00,525.2,1723.10,537.35,1762.96,513.52,1684.78,542.00,2885.00,363.22 133260.00,108.04,16719.96,13.56,94.90


SHARAVATHY,KARNATAKA,554.43,1819.00,535.81,1757.91,538.4,1766.40,522.73,1714.99,5564.00,4557.03,767.09,4297.08,3.48,723.33,0.59,1036.92


IDAMALAYAR,KERALA,169.00,554.46,135.58,444.82,132.97,436.25,114.99,377.26,380.00,254.45,57.21,1017.80,0.83,231.04,0.19,63.58


IDUKKI,KERALA,732.35,2402.72,704.22,2310.43,703.5,2308.07,694.94,2279.99,2398.00,2146.32,363.48,1459.50,1.18,247.17,0.20,659.83
,DAILY REPORT OF HYDRO RESERVOIRS FOR,25-May-2008,2
,FULL,PRESENT,RESERVIOR,MIN. DRAW,ANNUAL,ENERGY ENERGY,EFF.,EFF. CAP,COMMULATIVE
,RESERVOIR,RESERVOIR,LEVEL ON,DOWN,DESIGN,CONTANT CONTANT,CAP.,AT,ENERGY
,RESERVOIR,STATE,LEVEL,LEVEL,THE SAME,LEVEL,POTEN-,AT,AT,AT,PRESENT,GEN. FROM
,DAY LAST,TIAL,F.R.L. PRESENT,F.R.L.,LEVEL,1ST. OF April
,YEAR,LEVEL
,M,FT,M,FT,M,FT,M,FT,MU,MU,MU,MCM,MAFT,MCM,MAFT

MADUPATTY,KERALA,1599.38,5247.31,1587.5,5208.33,1585.25,5200.95,1554.48,5100.00,6.40,77.40,38.12,55.32,0.04,27.03,0.02,0.00


SABRIGRI,KERALA,981.46,3220.01,953.44,3128.08,953.53,3128.38,908.30,2979.99,1338.00,764.00,227.63,446.26,0.36,141.42,0.11,242.83


KUNDAH GROUP,TAMIL NADU,1315.00,1270.00,413.00,346.50,0.28,543.57


METTURE,TAMIL NADU,240.79,789.99,234.71,770.05,238.81,783.50,211.23,693.01,790.00,204.00,124.14,2504.70,2.03,1695.68,1.37,1076.72


PERIYAR,TAMIL NADU,46.33,152.00,40.57,133.10,36.97,121.29,33.53,110.01,409.00,216.00,102.62,273.51,0.22,127.78,0.10,0.00


BALIMELA,ORISSA,462.08,1516.01,443.79,1456.00,441.36,1448.03,438.91,1439.99,1183.00,897.75,121.41,2675.96,2.17,361.90,0.29,178.91


HIRAKUD,ORISSA,192.02,629.99,183.55,602.21,183.48,601.97,179.83,589.99,1174.00,372.28,51.77,4709.43,3.82,781.40,0.63,58.65


INDRAVATI,ORISSA,641.84,2105.77,626.87,2056.66,629.02,2063.71,625.00,2050.52,1962.00,1213.13,56.60,1485.50,1.20,135.36,0.11,294.17


RENGALI,ORISSA,123.44,404.99,110.47,362.43,112.69,369.72,109.72,359.97,525.00,275.00,2.87,3167.81,2.57,107.96,0.09,31.25


UPPER KOLAB,ORISSA,857.78,2814.24,845.87,2775.16,849.1,2785.76,843.78,2768.31,832.00,540.00,41.73,935.00,0.76,100.44,0.08,126.57


LOKTAK,MANIPUR,768.50,2521.33,767.4,2517.72,766.77,2515.65,766.01,2513.16,450.00,250.00,56.53,0.00,0.00,34.23


** BHAKRA - POTENTIAL OF 5282 MU INCLUDES THOSE OF GANGWAL AND KOTLA STATIONS AND CORRESPONDS TO A DRY YEAR. THE POTENTIAL FOR A DEPENDABLE YEAR IS 6057 MU.
*** INCLUDES GANGUWAL & KOTLA.
$ UKAI - THE POTENTIAL FOR DEPENDABLE YEAR DURING THE INITIAL YEAR IS 1080 MU AND WOULD REDUCE TO 605 MU AS AND WHEN UPSTREAM IRRIGATION DEVELOPS.
$$ ENERGY CONTENT AT GANDHI SAGAR INCLUDES FOR GENERATION AT R.P.SAGAR AND JAWAHAR SAGAR.
@ KOYNA - POTENTIAL OF 3523 MU IS CORRESPONDING TO 87 TMC OF WATER AVAILABLE FOR POWER GENERATION AS PER KRISHNA WATER DISPUTE TRIBUNAL AWARD FOR KOYNA I,II,III & IV.
* RANJIT SAGAR - ENERGY CONTENT AT F.R.L. WORKED OUT CONSIDERING NIL INFLOW IN THE RESERVIOR.
,DAILY REPORT OF HYDRO RESERVOIRS FOR,26-May-2008,1
,FULL,PRESENT,RESERVIOR,MIN. DRAW,ANNUAL,ENERGY ENERGY,EFF.,EFF. CAP,COMMULATIVE
,RESERVOIR,RESERVOIR,LEVEL ON,DOWN,DESIGN,CONTANT CONTANT,CAP.,AT,ENERGY
,RESERVOIR,STATE,LEVEL,LEVEL,THE SAME,LEVEL,POTEN-,AT,AT,AT,PRESENT,GEN. FROM
,DAY LAST,TIAL,F.R.L. PRESENT,F.R.L.,LEVEL,1ST. OF April
,YEAR,LEVEL
,M,FT,M,FT,M,FT,M,FT,MU,MU,MU,MCM,MAFT,MCM,MAFT
,481.96
BHAKRA,PUNJAB,513.59,1685.01,464.89,1525.24,1581.23,445.62,1462.01,5282.00,1728.80,197.10,6516.07,5.28,929.08,0.75,434.82
,25-MAY-07
,398.98
PONG,PUNJAB,426.72,1400.00,391.76,1285.30,1308.99,384.05,1260.01,1123.00,1084.00,70.61,6946.00,5.63,597.79,0.48,67.72
,25-MAY-07
,513.58
RANJIT SAGAR,PUNJAB,527.91,1731.99,506.03,1660.20,1684.97,487.91,1600.75,1507.00,390.30,173.25,7199.17,5.84,759.67,0.62,110.79
,25-MAY-07
,344.6
R.P. SAGAR,RAJASTHAN,352.81,1157.51,351.95,1154.69,1130.58,343.81,1127.99,459.00,175.66,151.81,1568.98,1.27,1403.46,1.14,14.46
,25-MAY-07
,253.9
RIHAND,UTTAR PRADESH,268.22,879.99,254.78,835.90,833.01,252.98,829.99,920.00,860.50,67.82,5845.50,4.74,511.81,0.41,38.22
,25-MAY-07
,325.83
RAM GANGA,UTTARAKHAND,366.00,1200.79,328.45,1077.59,1069.00,323.00,1059.71,164.00,480.80,22.07,2109.25,1.71,152.51,0.12,110.76
,25-MAY-07

TEHRI,UTTARAKHAND,829.79,2722.41,743.1,2437.99,742.5,2436.02,740.04,2427.95,309.00,1291.49,18.92,2615.00,2.12,54.29,0.04,248.75


SARDAR SAROVAR,GUJARAT,138.68,454.99,115.82,379.99,114.87,376.87,110.84,363.65,5469.00,1817.55,153.04,5760.00,4.67,621.18,0.50,236.93

,92.89
UKAI,GUJARAT,105.16,345.01,94.31,309.40,304.76,82.30,270.01,1080.00,813.08,272.02,6619.15,5.37,2374.43,1.92,100.14
,25-MAY-07
,381
GANDHI SAGAR,MADHYA PRADESH,399.90,1312.01,385.45,1264.59,1250.00,381.00,1250.00,420.48,725.00,71.54,6911.19,5.60,823.29,0.67,26.86
,25-MAY-07

INDIRA SAGAR,MADHYA PRADESH,262.14,860.04,245.24,804.59,246.08,807.35,243.24,798.03,2628.00,1316.12,60.93,9706.00,7.87,476.80,0.39,143.66

,592.4
BHIRA,MAHARASHTRA,606.03,1988.29,594.87,1951.67,1943.57,590.09,1935.99,790.00,618.80,152.38,522.76,0.42,128.74,0.10,42.18
,25-MAY-07
,632.35
KOYNA,MAHARASHTRA,657.91,2158.50,638.43,2094.60,2074.64,609.60,2000.00,3130.00,3126.10,1218.80,2677.14,2.17,1043.80,0.85,670.11
,25-MAY-07
,829.15
MACHKUND,ANDHRA PRADESH,838.20,2750.00,834.68,2738.45,2720.31,513.59,1685.01,670.00,551.60,382.22,892.55,0.72,618.48,0.50,92.92
,25-MAY-07
,166.45
NAGARJUN SAGAR,ANDHRA PRADESH,179.83,589.99,164.77,540.58,546.10,150.88,495.01,2237.00,1398.13,513.92,6537.80,5.30,2682.54,2.17,0.13
,25-MAY-07
,246.4
SRISAILAM,ANDHRA PRADESH,269.75,885.01,252.04,826.90,808.40,243.84,800.00,4300.00,1391.84,203.79,7105.96,5.76,1049.26,0.85,237.89
,25-MAY-07
,508.49,519.62
ALMATTI,KARNATAKA,519.62,1704.79,1668.27,1704.79,505.97,1660.01,483.00,175.35,7.05,2631.50,2.13,128.72,0.10,0.84
,22-MAY-08,22-MAY-07

KALINDI SUPA,KARNATAKA,563.88,1850.00,525,1722.44,537.35,1762.96,513.52,1684.78,542.00,2885.00,355.92 133260.00,108.04,16381.92,13.28,95.68

,538.4
SHARAVATHY,KARNATAKA,554.43,1819.00,535.64,1757.35,1766.40,522.73,1714.99,5564.00,4557.03,750.33,4297.08,3.48,707.53,0.57,1051.03
,25-MAY-07
,132.97
IDAMALAYAR,KERALA,169.00,554.46,135.33,444.00,436.25,114.99,377.26,380.00,254.45,56.28,1017.80,0.83,226.36,0.18,64.78
,25-MAY-07
,703.5
IDUKKI,KERALA,732.35,2402.72,704.12,2310.10,2308.07,694.94,2279.99,2398.00,2146.32,359.07,1459.50,1.18,244.17,0.20,666.50
,25-MAY-07
,DAILY REPORT OF HYDRO RESERVOIRS FOR,26-May-2008,2
,FULL,PRESENT,RESERVIOR,MIN. DRAW,ANNUAL,ENERGY ENERGY,EFF.,EFF. CAP,COMMULATIVE
,RESERVOIR,RESERVOIR,LEVEL ON,DOWN,DESIGN,CONTANT CONTANT,CAP.,AT,ENERGY
,RESERVOIR,STATE,LEVEL,LEVEL,THE SAME,LEVEL,POTEN-,AT,AT,AT,PRESENT,GEN. FROM
,DAY LAST,TIAL,F.R.L. PRESENT,F.R.L.,LEVEL,1ST. OF April
,YEAR,LEVEL
,M,FT,M,FT,M,FT,M,FT,MU,MU,MU,MCM,MAFT,MCM,MAFT
,1585.25
MADUPATTY,KERALA,1599.38,5247.31,1587.6,5208.66,5200.95,1554.48,5100.00,6.40,77.40,38.40,55.32,0.04,27.23,0.02,0.00
,25-MAY-07
,953.53
SABRIGRI,KERALA,981.46,3220.01,953.47,3128.18,3128.38,908.30,2979.99,1338.00,764.00,227.95,446.26,0.36,141.61,0.11,242.83
,25-MAY-07

KUNDAH GROUP,TAMIL NADU,1315.00,1270.00,409.00,346.50,0.28,550.78

,238.81
METTURE,TAMIL NADU,240.79,789.99,234.72,770.08,783.50,211.23,693.01,790.00,204.00,124.24,2504.70,2.03,1696.89,1.38,1096.19
,25-MAY-07
,36.97
PERIYAR,TAMIL NADU,46.33,152.00,40.57,133.10,121.29,33.53,110.01,409.00,216.00,102.62,273.51,0.22,127.78,0.10,0.00
,25-MAY-07
,441.36
BALIMELA,ORISSA,462.08,1516.01,443.7,1455.70,1448.03,438.91,1439.99,1183.00,897.75,118.84,2675.96,2.17,354.25,0.29,180.70
,25-MAY-07
,183.48
HIRAKUD,ORISSA,192.02,629.99,183.53,602.12,601.97,179.83,589.99,1174.00,372.28,51.24,4709.43,3.82,773.74,0.63,59.73
,25-MAY-07
,629.02
INDRAVATI,ORISSA,641.84,2105.77,626.86,2056.63,2063.71,625.00,2050.52,1962.00,1213.13,56.32,1485.50,1.20,134.68,0.11,296.75
,25-MAY-07
,112.69
RENGALI,ORISSA,123.44,404.99,110.45,362.37,369.72,109.72,359.97,525.00,275.00,2.74,3167.81,2.57,105.08,0.09,31.62
,25-MAY-07
,849.1
UPPER KOLAB,ORISSA,857.78,2814.24,845.84,2775.07,2785.76,843.78,2768.31,832.00,540.00,41.13,935.00,0.76,99.41,0.08,128.05
,25-MAY-07
,766.77
LOKTAK,MANIPUR,768.50,2521.33,767.34,2517.52,2515.65,766.01,2513.16,450.00,250.00,51.79,0.00,0.00,34.71
,25-MAY-07

** BHAKRA - POTENTIAL OF 5282 MU INCLUDES THOSE OF GANGWAL AND KOTLA STATIONS AND CORRESPONDS TO A DRY YEAR. THE POTENTIAL FOR A DEPENDABLE YEAR IS 6057 MU.
*** INCLUDES GANGUWAL & KOTLA.
$ UKAI - THE POTENTIAL FOR DEPENDABLE YEAR DURING THE INITIAL YEAR IS 1080 MU AND WOULD REDUCE TO 605 MU AS AND WHEN UPSTREAM IRRIGATION DEVELOPS.
$$ ENERGY CONTENT AT GANDHI SAGAR INCLUDES FOR GENERATION AT R.P.SAGAR AND JAWAHAR SAGAR.
@ KOYNA - POTENTIAL OF 3523 MU IS CORRESPONDING TO 87 TMC OF WATER AVAILABLE FOR POWER GENERATION AS PER KRISHNA WATER DISPUTE TRIBUNAL AWARD FOR KOYNA I,II,III & IV.
* RANJIT SAGAR - ENERGY CONTENT AT F.R.L. WORKED OUT CONSIDERING NIL INFLOW IN THE RESERVIOR.
,DAILY REPORT OF HYDRO RESERVOIRS FOR,27-May-2008,1
,FULL,PRESENT,RESERVIOR,MIN. DRAW,ANNUAL,ENERGY ENERGY,EFF.,EFF. CAP,COMMULATIVE
,RESERVOIR,RESERVOIR,LEVEL ON,DOWN,DESIGN,CONTANT CONTANT,CAP.,AT,ENERGY
,RESERVOIR,STATE,LEVEL,LEVEL,THE SAME,LEVEL,POTEN-,AT,AT,AT,PRESENT,GEN. FROM
,DAY LAST,TIAL,F.R.L. PRESENT,F.R.L.,LEVEL,1ST. OF April
,YEAR,LEVEL
,M,FT,M,FT,M,FT,M,FT,MU,MU,MU,MCM,MAFT,MCM,MAFT
,481.96
BHAKRA,PUNJAB,513.59,1685.01,465.25,1526.40,1581.23,445.62,1462.01,5282.00,1728.80,202.28,6516.07,5.28,951.00,0.77,443.27
,25-MAY-07
,398.98
PONG,PUNJAB,426.72,1400.00,391.66,1284.97,1308.99,384.05,1260.01,1123.00,1084.00,69.39,6946.00,5.63,588.00,0.48,69.76
,25-MAY-07
,513.58
RANJIT SAGAR,PUNJAB,527.91,1731.99,506.22,1660.83,1684.97,487.91,1600.75,1507.00,390.30,175.52,7199.17,5.84,768.95,0.62,114.05
,25-MAY-07
,344.6
R.P. SAGAR,RAJASTHAN,352.81,1157.51,351.95,1154.69,1130.58,343.81,1127.99,459.00,175.66,151.81,1568.98,1.27,1403.46,1.14,14.46
,25-MAY-07
,253.9
RIHAND,UTTAR PRADESH,268.22,879.99,254.78,835.90,833.01,252.98,829.99,920.00,860.50,67.82,5845.50,4.74,511.81,0.41,38.22
,25-MAY-07
,325.83
RAM GANGA,UTTARAKHAND,366.00,1200.79,328.34,1077.23,1069.00,323.00,1059.71,164.00,480.80,21.59,2109.25,1.71,148.44,0.12,110.85
,25-MAY-07
,742.5
TEHRI,UTTARAKHAND,829.79,2722.41,743,2437.66,2436.02,740.04,2427.95,309.00,1291.49,18.30,2615.00,2.12,52.54,0.04,254.96
,25-MAY-07

SARDAR SAROVAR,GUJARAT,138.68,454.99,115.83,380.02,114.25,374.84,110.84,363.65,5469.00,1817.55,153.41,5760.00,4.67,622.62,0.50,244.43

,92.89
UKAI,GUJARAT,105.16,345.01,94.26,309.25,304.76,82.30,270.01,1080.00,813.08,270.59,6619.15,5.37,2359.62,1.91,101.20
,25-MAY-07
,381
GANDHI SAGAR,MADHYA PRADESH,399.90,1312.01,385.44,1264.58,1250.00,381.00,1250.00,420.48,725.00,71.48,6911.19,5.60,822.61,0.67,26.86
,25-MAY-07

INDIRA SAGAR,MADHYA PRADESH,262.14,860.04,246.15,807.58,246.99,810.33,243.24,798.03,2628.00,1316.12,92.02,9706.00,7.87,719.85,0.58,148.05


BHIRA,MAHARASHTRA,606.03,1988.29,594.79,1951.41,592.34,1943.37,590.09,1935.99,790.00,618.80,149.56,522.76,0.42,126.35,0.10,43.08

,638.43,632.35
KOYNA,MAHARASHTRA,657.91,2158.50,2094.60,2074.64,609.60,2000.00,3130.00,3126.10,1218.80,2677.14,2.17,1043.80,0.85,682.47
,26-MAY-08,25-MAY-07

MACHKUND,ANDHRA PRADESH,838.20,2750.00,834.63,2738.29,829.09,2720.11,513.59,1685.01,670.00,551.60,380.24,892.55,0.72,615.28,0.50,94.85

,166.45
NAGARJUN SAGAR,ANDHRA PRADESH,179.83,589.99,164.87,540.91,546.10,150.88,495.01,2237.00,1398.13,518.65,6537.80,5.30,2704.65,2.19,0.13
,25-MAY-07
,246.4
SRISAILAM,ANDHRA PRADESH,269.75,885.01,251.46,825.00,808.40,243.84,800.00,4300.00,1391.84,185.48,7105.96,5.76,954.96,0.77,242.14
,25-MAY-07
,519.62
ALMATTI,KARNATAKA,519.62,1704.79,508.49,1668.27,1704.79,505.97,1660.01,483.00,175.35,7.05,2631.50,2.13,128.72,0.10,0.84
,25-MAY-07

KALINDI SUPA,KARNATAKA,563.88,1850.00,524.8,1721.78,524.8,1721.78,513.52,1684.78,542.00,2885.00,347.97 133260.00,108.04,16005.42,12.98,97.36


SHARAVATHY,KARNATAKA,554.43,1819.00,535.59,1757.19,535.47,1756.79,522.73,1714.99,5564.00,4557.03,745.40,4297.08,3.48,702.89,0.57,1063.62

,132.97
IDAMALAYAR,KERALA,169.00,554.46,135.05,443.08,436.25,114.99,377.26,380.00,254.45,55.22,1017.80,0.83,221.12,0.18,65.98
,25-MAY-07

IDUKKI,KERALA,732.35,2402.72,703.98,2309.65,704.18,2310.30,694.94,2279.99,2398.00,2146.32,352.90,1459.50,1.18,239.97,0.19,678.35
,DAILY REPORT OF HYDRO RESERVOIRS FOR,27-May-2008,2
,FULL,PRESENT,RESERVIOR,MIN. DRAW,ANNUAL,ENERGY ENERGY,EFF.,EFF. CAP,COMMULATIVE
,RESERVOIR,RESERVOIR,LEVEL ON,DOWN,DESIGN,CONTANT CONTANT,CAP.,AT,ENERGY
,RESERVOIR,STATE,LEVEL,LEVEL,THE SAME,LEVEL,POTEN-,AT,AT,AT,PRESENT,GEN. FROM
,DAY LAST,TIAL,F.R.L. PRESENT,F.R.L.,LEVEL,1ST. OF April
,YEAR,LEVEL
,M,FT,M,FT,M,FT,M,FT,MU,MU,MU,MCM,MAFT,MCM,MAFT
,1585.25
MADUPATTY,KERALA,1599.38,5247.31,1587.7,5208.99,5200.95,1554.48,5100.00,6.40,77.40,38.68,55.32,0.04,27.43,0.02,0.00
,25-MAY-07

SABRIGRI,KERALA,981.46,3220.01,953.53,3128.38,938.68,3079.66,908.30,2979.99,1338.00,764.00,228.60,446.26,0.36,142.01,0.12,242.83

,25-MAY
KUNDAH GROUP,TAMIL NADU,1315.00,1270.00,403.00,346.50,0.28,555.71
,-07
,238.81
METTURE,TAMIL NADU,240.79,789.99,234.74,770.14,783.50,211.23,693.01,790.00,204.00,124.43,2504.70,2.03,1699.29,1.38,1116.38
,25-MAY-07
,36.97
PERIYAR,TAMIL NADU,46.33,152.00,40.57,133.10,121.29,33.53,110.01,409.00,216.00,102.62,273.51,0.22,127.78,0.10,0.00
,25-MAY-07
,441.36
BALIMELA,ORISSA,462.08,1516.01,443.61,1455.40,1448.03,438.91,1439.99,1183.00,897.75,116.28,2675.96,2.17,346.60,0.28,183.33
,25-MAY-07
,183.48
HIRAKUD,ORISSA,192.02,629.99,183.47,601.93,601.97,179.83,589.99,1174.00,372.28,49.82,4709.43,3.82,757.40,0.61,61.15
,25-MAY-07
,629.02
INDRAVATI,ORISSA,641.84,2105.77,626.82,2056.50,2063.71,625.00,2050.52,1962.00,1213.13,55.21,1485.50,1.20,132.00,0.11,301.97
,25-MAY-07
,112.69
RENGALI,ORISSA,123.44,404.99,110.41,362.24,369.72,109.72,359.97,525.00,275.00,2.48,3167.81,2.57,99.27,0.08,32.19
,25-MAY-07
,849.1
UPPER KOLAB,ORISSA,857.78,2814.24,845.74,2774.74,2785.76,843.78,2768.31,832.00,540.00,39.51,935.00,0.76,96.61,0.08,130.61
,25-MAY-07
,766.77
LOKTAK,MANIPUR,768.50,2521.33,767.57,2518.27,2515.65,766.01,2513.16,450.00,250.00,69.78,0.00,0.00,35.04
,25-MAY-07

** BHAKRA - POTENTIAL OF 5282 MU INCLUDES THOSE OF GANGWAL AND KOTLA STATIONS AND CORRESPONDS TO A DRY YEAR. THE POTENTIAL FOR A DEPENDABLE YEAR IS 6057 MU.
*** INCLUDES GANGUWAL & KOTLA.
$ UKAI - THE POTENTIAL FOR DEPENDABLE YEAR DURING THE INITIAL YEAR IS 1080 MU AND WOULD REDUCE TO 605 MU AS AND WHEN UPSTREAM IRRIGATION DEVELOPS.
$$ ENERGY CONTENT AT GANDHI SAGAR INCLUDES FOR GENERATION AT R.P.SAGAR AND JAWAHAR SAGAR.
@ KOYNA - POTENTIAL OF 3523 MU IS CORRESPONDING TO 87 TMC OF WATER AVAILABLE FOR POWER GENERATION AS PER KRISHNA WATER DISPUTE TRIBUNAL AWARD FOR KOYNA I,II,III & IV.
* RANJIT SAGAR - ENERGY CONTENT AT F.R.L. WORKED OUT CONSIDERING NIL INFLOW IN THE RESERVIOR.
,DAILY REPORT OF HYDRO RESERVOIRS FOR,28-May-2008,1
,FULL,PRESENT,RESERVIOR,MIN. DRAW,ANNUAL,ENERGY ENERGY,EFF.,EFF. CAP,COMMULATIVE
,RESERVOIR,RESERVOIR,LEVEL ON,DOWN,DESIGN,CONTANT CONTANT,CAP.,AT,ENERGY
,RESERVOIR,STATE,LEVEL,LEVEL,THE SAME,LEVEL,POTEN-,AT,AT,AT,PRESENT,GEN. FROM
,DAY LAST,TIAL,F.R.L. PRESENT,F.R.L.,LEVEL,1ST. OF April
,YEAR,LEVEL
,M,FT,M,FT,M,FT,M,FT,MU,MU,MU,MCM,MAFT,MCM,MAFT

BHAKRA,PUNJAB,513.59,1685.01,465.59,1527.54,483.26,1585.50,445.62,1462.01,5282.00,1728.80,207.12,6516.07,5.28,972.55,0.79,453.78


PONG,PUNJAB,426.72,1400.00,391.56,1284.64,398.98,1308.99,384.05,1260.01,1123.00,1084.00,68.17,6946.00,5.63,578.21,0.47,71.59

,513.85
RANJIT SAGAR,PUNJAB,527.91,1731.99,506.39,1661.38,1685.86,487.91,1600.75,1507.00,390.30,177.56,7199.17,5.84,777.25,0.63,117.55
,25-MAY-07

R.P. SAGAR,RAJASTHAN,352.81,1157.51,351.94,1154.66,344.58,1130.51,343.81,1127.99,459.00,175.66,151.59,1568.98,1.27,1401.65,1.14,14.46


RIHAND,UTTAR PRADESH,268.22,879.99,254.78,835.90,253.9,833.01,252.98,829.99,920.00,860.50,67.82,5845.50,4.74,511.81,0.41,38.27


RAM GANGA,UTTARAKHAND,366.00,1200.79,328.34,1077.23,325.66,1068.44,323.00,1059.71,164.00,480.80,21.59,2109.25,1.71,148.44,0.12,110.94


TEHRI,UTTARAKHAND,829.79,2722.41,742.75,2436.84,742.5,2436.02,740.04,2427.95,309.00,1291.49,16.77,2615.00,2.12,48.16,0.04,261.22


SARDAR SAROVAR,GUJARAT,138.68,454.99,115.72,379.66,115.32,378.35,110.84,363.65,5469.00,1817.55,149.35,5760.00,4.67,606.88,0.49,251.77


UKAI,GUJARAT,105.16,345.01,94.21,309.09,92.67,304.04,82.30,270.01,1080.00,813.08,269.07,6619.15,5.37,2343.83,1.90,102.17


GANDHI SAGAR,MADHYA PRADESH,399.90,1312.01,385.44,1264.57,381,1250.00,381.00,1250.00,420.48,725.00,71.42,6911.19,5.60,821.93,0.67,26.86


INDIRA SAGAR,MADHYA PRADESH,262.14,860.04,246.03,807.19,245.89,806.73,243.24,798.03,2628.00,1316.12,87.86,9706.00,7.87,687.26,0.56,152.30


BHIRA,MAHARASHTRA,606.03,1988.29,594.7,1951.12,592.34,1943.37,590.09,1935.99,790.00,618.80,146.36,522.76,0.42,123.65,0.10,44.18

,632.35
KOYNA,MAHARASHTRA,657.91,2158.50,638.13,2093.60,2074.64,609.60,2000.00,3130.00,3126.10,1196.60,2677.14,2.17,1026.20,0.83,695.36
,25-MAY-07

MACHKUND,ANDHRA PRADESH,838.20,2750.00,834.59,2738.16,829.13,2720.24,513.59,1685.01,670.00,551.60,378.66,892.55,0.72,612.72,0.50,96.78


NAGARJUN SAGAR,ANDHRA PRADESH,179.83,589.99,165.08,541.60,166.12,545.01,150.88,495.01,2237.00,1398.13,528.85,6537.80,5.30,2752.32,2.23,0.13


SRISAILAM,ANDHRA PRADESH,269.75,885.01,251.12,823.88,248.17,814.21,243.84,800.00,4300.00,1391.84,174.92,7105.96,5.76,900.59,0.73,245.06

,508.49,519.62
ALMATTI,KARNATAKA,519.62,1704.79,1668.27,1704.79,505.97,1660.01,483.00,175.35,7.05,2631.50,2.13,128.72,0.10,0.84
,27-MAY-08,25-MAY-07

KALINDI SUPA,KARNATAKA,563.88,1850.00,524.45,1720.64,537,1761.81,513.52,1684.78,542.00,2885.00,334.17 133260.00,108.04,15358.35,12.45,99.20


SHARAVATHY,KARNATAKA,554.43,1819.00,535.49,1756.86,538.2,1765.75,522.73,1714.99,5564.00,4557.03,735.56,4297.08,3.48,693.61,0.56,1074.94


IDAMALAYAR,KERALA,169.00,554.46,134.75,442.09,133.32,437.40,114.99,377.26,380.00,254.45,54.10,1017.80,0.83,216.78,0.18,67.19


IDUKKI,KERALA,732.35,2402.72,703.73,2308.83,703.61,2308.43,694.94,2279.99,2398.00,2146.32,341.85,1459.50,1.18,232.46,0.19,691.13
,DAILY REPORT OF HYDRO RESERVOIRS FOR,28-May-2008,2
,FULL,PRESENT,RESERVIOR,MIN. DRAW,ANNUAL,ENERGY ENERGY,EFF.,EFF. CAP,COMMULATIVE
,RESERVOIR,RESERVOIR,LEVEL ON,DOWN,DESIGN,CONTANT CONTANT,CAP.,AT,ENERGY
,RESERVOIR,STATE,LEVEL,LEVEL,THE SAME,LEVEL,POTEN-,AT,AT,AT,PRESENT,GEN. FROM
,DAY LAST,TIAL,F.R.L. PRESENT,F.R.L.,LEVEL,1ST. OF April
,YEAR,LEVEL
,M,FT,M,FT,M,FT,M,FT,MU,MU,MU,MCM,MAFT,MCM,MAFT

MADUPATTY,KERALA,1599.38,5247.31,1587.75,5209.15,1585,5200.13,1554.48,5100.00,6.40,77.40,38.82,55.32,0.04,27.53,0.02,0.00


SABRIGRI,KERALA,981.46,3220.01,953.54,3128.41,952.94,3126.44,908.30,2979.99,1338.00,764.00,228.71,446.26,0.36,142.08,0.12,242.83


KUNDAH GROUP,TAMIL NADU,1315.00,1270.00,399.00,346.50,0.28,565.75


METTURE,TAMIL NADU,240.79,789.99,234.78,770.28,238.77,783.37,211.23,693.01,790.00,204.00,124.83,2504.70,2.03,1704.16,1.38,1136.55


PERIYAR,TAMIL NADU,46.33,152.00,40.57,133.10,37.12,121.78,33.53,110.01,409.00,216.00,102.62,273.51,0.22,127.78,0.10,0.00


BALIMELA,ORISSA,462.08,1516.01,443.51,1455.10,441.26,1447.70,438.91,1439.99,1183.00,897.75,113.72,2675.96,2.17,338.96,0.27,185.61


HIRAKUD,ORISSA,192.02,629.99,183.41,601.75,183.2,601.05,179.83,589.99,1174.00,372.28,47.97,4709.43,3.82,741.64,0.60,62.70


INDRAVATI,ORISSA,641.84,2105.77,626.74,2056.23,628.68,2062.60,625.00,2050.52,1962.00,1213.13,52.98,1485.50,1.20,126.70,0.10,308.81


RENGALI,ORISSA,123.44,404.99,110.35,362.04,112.17,368.01,109.72,359.97,525.00,275.00,2.08,3167.81,2.57,90.53,0.07,32.68


UPPER KOLAB,ORISSA,857.78,2814.24,845.67,2774.51,849.2,2786.09,843.78,2768.31,832.00,540.00,38.71,935.00,0.76,95.24,0.08,133.05


LOKTAK,MANIPUR,768.50,2521.33,767.31,2517.42,766.85,2515.91,766.01,2513.16,450.00,250.00,49.69,0.00,0.00,35.41


** BHAKRA - POTENTIAL OF 5282 MU INCLUDES THOSE OF GANGWAL AND KOTLA STATIONS AND CORRESPONDS TO A DRY YEAR. THE POTENTIAL FOR A DEPENDABLE YEAR IS 6057 MU.
*** INCLUDES GANGUWAL & KOTLA.
$ UKAI - THE POTENTIAL FOR DEPENDABLE YEAR DURING THE INITIAL YEAR IS 1080 MU AND WOULD REDUCE TO 605 MU AS AND WHEN UPSTREAM IRRIGATION DEVELOPS.
$$ ENERGY CONTENT AT GANDHI SAGAR INCLUDES FOR GENERATION AT R.P.SAGAR AND JAWAHAR SAGAR.
@ KOYNA - POTENTIAL OF 3523 MU IS CORRESPONDING TO 87 TMC OF WATER AVAILABLE FOR POWER GENERATION AS PER KRISHNA WATER DISPUTE TRIBUNAL AWARD FOR KOYNA I,II,III & IV.
* RANJIT SAGAR - ENERGY CONTENT AT F.R.L. WORKED OUT CONSIDERING NIL INFLOW IN THE RESERVIOR.
,DAILY REPORT OF HYDRO RESERVOIRS FOR,29-May-2008,1
,FULL,PRESENT,RESERVIOR,MIN. DRAW,ANNUAL,ENERGY ENERGY,EFF.,EFF. CAP,COMMULATIVE
,RESERVOIR,RESERVOIR,LEVEL ON,DOWN,DESIGN,CONTANT CONTANT,CAP.,AT,ENERGY
,RESERVOIR,STATE,LEVEL,LEVEL,THE SAME,LEVEL,POTEN-,AT,AT,AT,PRESENT,GEN. FROM
,DAY LAST,TIAL,F.R.L. PRESENT,F.R.L.,LEVEL,1ST. OF April
,YEAR,LEVEL
,M,FT,M,FT,M,FT,M,FT,MU,MU,MU,MCM,MAFT,MCM,MAFT

BHAKRA,PUNJAB,513.59,1685.01,465.92,1528.62,484.31,1588.94,445.62,1462.01,5282.00,1728.80,211.89,6516.07,5.28,992.96,0.81,462.56


PONG,PUNJAB,426.72,1400.00,391.45,1284.30,398.99,1309.02,384.05,1260.01,1123.00,1084.00,66.91,6946.00,5.63,568.13,0.46,73.61


RANJIT SAGAR,PUNJAB,527.91,1731.99,508.55,1668.47,514.85,1689.14,487.91,1600.75,1507.00,390.30,203.52,7199.17,5.84,882.88,0.72,121.23

,351.94
R.P. SAGAR,RAJASTHAN,352.81,1157.51,1154.66,344.57,1130.48,343.81,1127.99,459.00,175.66,151.59,1568.98,1.27,1401.65,1.14,14.46
,28-MAY-08
,254.63
RIHAND,UTTAR PRADESH,268.22,879.99,835.39,253.9,833.01,252.98,829.99,920.00,860.50,61.83,5845.50,4.74,472.06,0.38,38.50
,28-MAY-08

RAM GANGA,UTTARAKHAND,366.00,1200.79,328.9,1079.07,325.75,1068.73,323.00,1059.71,164.00,480.80,24.04,2109.25,1.71,169.16,0.14,111.78


TEHRI,UTTARAKHAND,829.79,2722.41,742.4,2435.70,744.6,2442.91,740.04,2427.95,309.00,1291.49,14.61,2615.00,2.12,42.04,0.03,267.30


SARDAR SAROVAR,GUJARAT,138.68,454.99,115.72,379.66,115.47,378.84,110.84,363.65,5469.00,1817.55,149.35,5760.00,4.67,606.88,0.49,257.91


UKAI,GUJARAT,105.16,345.01,94.13,308.84,92.59,303.77,82.30,270.01,1080.00,813.08,266.68,6619.15,5.37,2319.56,1.88,103.84


GANDHI SAGAR,MADHYA PRADESH,399.90,1312.01,385.44,1264.58,381,1250.00,381.00,1250.00,420.48,725.00,71.48,6911.19,5.60,822.61,0.67,26.86


INDIRA SAGAR,MADHYA PRADESH,262.14,860.04,244.92,803.54,245.83,806.53,243.24,798.03,2628.00,1316.12,50.34,9706.00,7.87,394.00,0.32,155.96


BHIRA,MAHARASHTRA,606.03,1988.29,594.6,1950.79,592.34,1943.37,590.09,1935.99,790.00,618.80,142.83,522.76,0.42,120.66,0.10,45.02


KOYNA,MAHARASHTRA,657.91,2158.50,638.13,2093.60,632.1,2073.82,609.60,2000.00,3130.00,3126.10,1196.60,2677.14,2.17,1026.20,0.83,711.34


MACHKUND,ANDHRA PRADESH,838.20,2750.00,834.54,2737.99,829.16,2720.34,513.59,1685.01,670.00,551.60,376.68,892.55,0.72,609.52,0.49,98.71


NAGARJUN SAGAR,ANDHRA PRADESH,179.83,589.99,165.11,541.70,165.93,544.39,150.88,495.01,2237.00,1398.13,530.31,6537.80,5.30,2759.15,2.24,0.13


SRISAILAM,ANDHRA PRADESH,269.75,885.01,250.91,823.20,248.96,816.80,243.84,800.00,4300.00,1391.84,168.55,7105.96,5.76,867.79,0.70,248.27

,508.49,519.62
ALMATTI,KARNATAKA,519.62,1704.79,1668.27,1704.79,505.97,1660.01,483.00,175.35,7.05,2631.50,2.13,128.72,0.10,0.84
,27-MAY-08,25-MAY-07

KALINDI SUPA,KARNATAKA,563.88,1850.00,524.1,1719.49,536.98,1761.75,513.52,1684.78,542.00,2885.00,320.87 133260.00,108.04,14757.75,11.96,100.85


SHARAVATHY,KARNATAKA,554.43,1819.00,535.27,1756.14,538.19,1765.72,522.73,1714.99,5564.00,4557.03,713.90,4297.08,3.48,673.18,0.55,1088.92


IDAMALAYAR,KERALA,169.00,554.46,134.45,441.11,133.76,438.85,114.99,377.26,380.00,254.45,52.98,1017.80,0.83,212.76,0.17,68.34


IDUKKI,KERALA,732.35,2402.72,703.49,2308.04,703.58,2308.33,694.94,2279.99,2398.00,2146.32,331.27,1459.50,1.18,225.26,0.18,701.78
,DAILY REPORT OF HYDRO RESERVOIRS FOR,29-May-2008,2
,FULL,PRESENT,RESERVIOR,MIN. DRAW,ANNUAL,ENERGY ENERGY,EFF.,EFF. CAP,COMMULATIVE
,RESERVOIR,RESERVOIR,LEVEL ON,DOWN,DESIGN,CONTANT CONTANT,CAP.,AT,ENERGY
,RESERVOIR,STATE,LEVEL,LEVEL,THE SAME,LEVEL,POTEN-,AT,AT,AT,PRESENT,GEN. FROM
,DAY LAST,TIAL,F.R.L. PRESENT,F.R.L.,LEVEL,1ST. OF April
,YEAR,LEVEL
,M,FT,M,FT,M,FT,M,FT,MU,MU,MU,MCM,MAFT,MCM,MAFT

MADUPATTY,KERALA,1599.38,5247.31,1587.75,5209.15,1585.15,5200.62,1554.48,5100.00,6.40,77.40,38.82,55.32,0.04,27.53,0.02,0.00


SABRIGRI,KERALA,981.46,3220.01,953.57,3128.51,952.95,3126.48,908.30,2979.99,1338.00,764.00,229.04,446.26,0.36,142.28,0.12,242.83


KUNDAH GROUP,TAMIL NADU,1315.00,1270.00,393.00,346.50,0.28,575.91


METTURE,TAMIL NADU,240.79,789.99,234.81,770.37,238.75,783.30,211.23,693.01,790.00,204.00,125.12,2504.70,2.03,1707.77,1.38,1156.75


PERIYAR,TAMIL NADU,46.33,152.00,40.57,133.10,37.22,122.11,33.53,110.01,409.00,216.00,102.62,273.51,0.22,127.78,0.10,0.00


BALIMELA,ORISSA,462.08,1516.01,443.39,1454.70,441.26,1447.70,438.91,1439.99,1183.00,897.75,110.50,2675.96,2.17,329.36,0.27,188.48


HIRAKUD,ORISSA,192.02,629.99,183.32,601.43,183.13,600.82,179.83,589.99,1174.00,372.28,44.69,4709.43,3.82,713.61,0.58,64.23


INDRAVATI,ORISSA,641.84,2105.77,626.63,2055.87,628.59,2062.30,625.00,2050.52,1962.00,1213.13,49.91,1485.50,1.20,119.39,0.10,315.45


RENGALI,ORISSA,123.44,404.99,110.3,361.88,111.96,367.32,109.72,359.97,525.00,275.00,1.88,3167.81,2.57,83.25,0.07,33.09


UPPER KOLAB,ORISSA,857.78,2814.24,845.51,2773.98,849.23,2786.19,843.78,2768.31,832.00,540.00,36.88,935.00,0.76,92.11,0.07,135.58

,767.31
LOKTAK,MANIPUR,768.50,2521.33,2517.42,766.86,2515.94,766.01,2513.16,450.00,250.00,49.69,0.00,0.00,35.86
,28-MAY-08

** BHAKRA - POTENTIAL OF 5282 MU INCLUDES THOSE OF GANGWAL AND KOTLA STATIONS AND CORRESPONDS TO A DRY YEAR. THE POTENTIAL FOR A DEPENDABLE YEAR IS 6057 MU.
*** INCLUDES GANGUWAL & KOTLA.
$ UKAI - THE POTENTIAL FOR DEPENDABLE YEAR DURING THE INITIAL YEAR IS 1080 MU AND WOULD REDUCE TO 605 MU AS AND WHEN UPSTREAM IRRIGATION DEVELOPS.
$$ ENERGY CONTENT AT GANDHI SAGAR INCLUDES FOR GENERATION AT R.P.SAGAR AND JAWAHAR SAGAR.
@ KOYNA - POTENTIAL OF 3523 MU IS CORRESPONDING TO 87 TMC OF WATER AVAILABLE FOR POWER GENERATION AS PER KRISHNA WATER DISPUTE TRIBUNAL AWARD FOR KOYNA I,II,III & IV.
* RANJIT SAGAR - ENERGY CONTENT AT F.R.L. WORKED OUT CONSIDERING NIL INFLOW IN THE RESERVIOR.

